id,date,venue,city,state,country,tour,setlist_entries
5015,2026-05-23,"Roger Sherman Baldwin Park",Greenwich,CT,USA,"2026 Tour",0
5014,2026-01-24,"Moon Palace Golf & Spa Resort","Cancún",MEX,USA,"2026 Tour",0
5013,2026-01-23,"Moon Palace Golf & Spa Resort","Cancún",MEX,USA,"2026 Tour",0
5012,2026-01-22,"Moon Palace Golf & Spa Resort","Cancún",MEX,USA,"2026 Tour",0
8417,2026-01-22,"Roger Sherman Baldwin Park",Greenwich,CT,USA,"2026 Tour",0
5011,2025-10-16,"The Broadmoor","Colorado Springs",CO,USA,"2025 Tour",0
5010,2025-10-07,"Palm Beach Cannes",Cannes,FRA,USA,"2025 Tour",0
5009,2025-09-20,"Huntington Bank Stadium (University of Minnesota Twin Cities)",Minneapolis,MN,USA,"2025 Tour",0
5008,2025-09-13,[Unknown],Southampton,NY,USA,"2025 Tour",0
5007,2025-08-31,"The Gorge Amphitheatre",George,WA,USA,"2025 Tour",0
5006,2025-08-30,"The Gorge Amphitheatre",George,WA,USA,"2025 Tour",0
5005,2025-08-29,"The Gorge Amphitheatre",George,WA,USA,"2025 Tour",0
5004,2025-08-26,"Lake Tahoe Amphitheater at Caesars Republic (Caesars Republic Lake Tahoe)",Stateline,NV,USA,"2025 Tour",0
5003,2025-08-23,"Shoreline Amphitheatre at Mountain View","Mountain View",CA,USA,"2025 Tour",0
5002,2025-08-22,"Kia Forum",Inglewood,CA,USA,"2025 Tour",0
5001,2025-08-02,"Big Sky Events Arena","Big Sky",MT,USA,"2025 Tour",0
5000,2025-08-01,"Big Sky Events Arena","Big Sky",MT,USA,"2025 Tour",0
4999,2025-07-26,"Freedom Mortgage Pavilion",Camden,NJ,USA,"2025 Tour",0
4998,2025-07-25,"Freedom Mortgage Pavilion",Camden,NJ,USA,"2025 Tour",0
4997,2025-07-23,"BankNH Pavilion",Gilford,NH,USA,"2025 Tour",0
4996,2025-07-22,"BankNH Pavilion",Gilford,NH,USA,"2025 Tour",0
4995,2025-07-19,"Broadview Stage at Saratoga Performing Arts Center","Saratoga Springs",NY,USA,"2025 Tour",0
4994,2025-07-18,"Broadview Stage at Saratoga Performing Arts Center","Saratoga Springs",NY,USA,"2025 Tour",0
4993,2025-07-16,"Allianz Amphitheater at Riverfront",Richmond,VA,USA,"2025 Tour",0
4992,2025-07-15,"Allianz Amphitheater at Riverfront",Richmond,VA,USA,"2025 Tour",0
4991,2025-07-12,"Ruoff Music Center",Noblesville,IN,USA,"2025 Tour",0
4990,2025-07-11,"Ruoff Music Center",Noblesville,IN,USA,"2025 Tour",0
4989,2025-07-09,"Pine Knob Music Theatre",Clarkston,MI,USA,"2025 Tour",0
4988,2025-07-08,"Budweiser Stage",Toronto,ON,CAN,"2025 Tour",0
4987,2025-06-28,"Huntington Bank Pavilion at Northerly Island",Chicago,IL,USA,"2025 Tour",0
4986,2025-06-27,"Huntington Bank Pavilion at Northerly Island",Chicago,IL,USA,"2025 Tour",0
4985,2025-06-25,"Ameris Bank Amphitheatre",Alpharetta,GA,USA,"2025 Tour",0
4984,2025-06-24,"Coca-Cola Amphitheater",Birmingham,AL,USA,"2025 Tour",0
4983,2025-06-21,"Credit One Stadium",Charleston,SC,USA,"2025 Tour",0
4982,2025-06-20,"Credit One Stadium",Charleston,SC,USA,"2025 Tour",0
4981,2025-06-14,"Hollywood Casino Amphitheatre","Tinley Park",IL,USA,"2025 Tour",0
4980,2025-06-13,"Riverbend Music Center",Cincinnati,OH,USA,"2025 Tour",0
4979,2025-06-11,"Northwell Health at Jones Beach Theater",Wantagh,NY,USA,"2025 Tour",0
4978,2025-06-08,"Auditório Ibirapuera","São Paulo",SP,BRA,"2025 Tour",0
4977,2025-06-07,"Auditório Ibirapuera","São Paulo",SP,BRA,"2025 Tour",0
4976,2025-06-03,"PNC Bank Arts Center",Holmdel,NJ,USA,"2025 Tour",0
4975,2025-05-31,"Merriweather Post Pavilion",Columbia,MD,USA,"2025 Tour",0
4974,2025-05-30,"Blossom Music Center","Cuyahoga Falls",OH,USA,"2025 Tour",0
4973,2025-05-27,"Empower Federal Credit Union Amphitheater at Lakeview",Syracuse,NY,USA,"2025 Tour",0
4972,2025-05-25,"Harvard University Athletic Complex",Boston,MA,USA,"2025 Tour",0
4971,2025-05-24,"Bethel Woods Center for the Arts",Bethel,NY,USA,"2025 Tour",0
4970,2025-05-04,"First Ward Park",Charlotte,NC,USA,"2025 Tour",0
4969,2025-05-02,"White Oak Music Hall",Houston,TX,USA,"2025 Tour",0
4968,2025-04-30,"Tipitina's","New Orleans",LA,USA,"2025 Tour",0
4966,2025-04-27,"Preservation Hall","New Orleans",LA,USA,"2025 Tour",0
4967,2025-04-27,"Fair Grounds Race Course & Slots","New Orleans",LA,USA,"2025 Tour",0
4965,2025-04-09,"[Private residence]",Falmouth,MA,USA,"2025 Tour",0
4964,2025-03-15,"The Barn","Big Sky",MT,USA,"2025 Tour",0
4963,2025-01-31,"South Hall (Los Angeles Convention Center)","Los Angeles",CA,USA,"2025 Tour",0
4962,2025-01-30,"Kia Forum",Inglewood,CA,USA,"2025 Tour",0
4961,2025-01-26,"Moon Palace Golf & Spa Resort","Cancún",MEX,USA,"2025 Tour",0
4960,2025-01-25,"Moon Palace Golf & Spa Resort","Cancún",MEX,USA,"2025 Tour",0
4959,2025-01-24,"Moon Palace Golf & Spa Resort","Cancún",MEX,USA,"2025 Tour",0
8376,2025-01-24,"Kia Forum",Inglewood,CA,USA,"2025 Tour",0
8377,2025-01-24,"South Hall (Los Angeles Convention Center)","Los Angeles",CA,USA,"2025 Tour",0
4888,2024-01-06,"Alpine Valley Music Theatre","East Troy",WI,USA,"2024 Tour",0
4843,2023-01-24,"The Boca Raton","Boca Raton",FL,USA,"2023 Tour",0
4742,2022-02-18,"iTHINK Financial Amphitheatre","West Palm Beach",FL,USA,"2022 Tour",0
4775,2022-02-18,"Ocean City Inlet Beach","Ocean City",MD,USA,"2022 Tour",0
4652,2021-04-15,"Napa Valley Expo",Napa,CA,USA,"2021 Tour",0
4654,2021-04-15,"Mohegan Sun Arena (Mohegan Sun)",Uncasville,CT,USA,"2021 Tour",0
4655,2021-04-15,"PNC Music Pavilion Charlotte",Charlotte,NC,USA,"2021 Tour",0
4656,2021-04-15,"The Pavilion at Star Lake",Burgettstown,PA,USA,"2021 Tour",0
4657,2021-04-15,"Blossom Music Center","Cuyahoga Falls",OH,USA,"2021 Tour",0
4658,2021-04-15,"Riverbend Music Center",Cincinnati,OH,USA,"2021 Tour",0
4659,2021-04-15,"Ruoff Music Center",Noblesville,IN,USA,"2021 Tour",0
4660,2021-04-15,"DTE Energy Music Theatre",Clarkston,MI,USA,"2021 Tour",0
4661,2021-04-15,"Budweiser Stage",Toronto,ON,CAN,"2021 Tour",0
4662,2021-04-15,"BB&T Pavilion",Camden,NJ,USA,"2021 Tour",0
4663,2021-04-15,"Van Andel Arena","Grand Rapids",MI,USA,"2021 Tour",0
4664,2021-04-15,"American Family Insurance Amphitheater",Milwaukee,WI,USA,"2021 Tour",0
4665,2021-04-15,"Huntington Bank Pavilion at Northerly Island",Chicago,IL,USA,"2021 Tour",0
4666,2021-04-15,"Northwell Health at Jones Beach Theater",Wantagh,NY,USA,"2021 Tour",0
4667,2021-04-15,"Saratoga Performing Arts Center","Saratoga Springs",NY,USA,"2021 Tour",0
4668,2021-04-15,"Bank of New Hampshire Pavilion",Gilford,NH,USA,"2021 Tour",0
4669,2021-04-15,"Xfinity Center",Mansfield,MA,USA,"2021 Tour",0
4670,2021-04-15,"Merriweather Post Pavilion",Columbia,MD,USA,"2021 Tour",0
4671,2021-04-15,"PNC Bank Arts Center",Holmdel,NJ,USA,"2021 Tour",0
4672,2021-04-15,"St. Joseph's Health Amphitheater at Lakeview",Syracuse,NY,USA,"2021 Tour",0
4675,2021-04-15,"Veterans United Home Loans Amphitheater at Virginia Beach","Virginia Beach",VA,USA,"2021 Tour",0
4691,2021-04-15,"Rogers Arena",Vancouver,BC,CAN,"2021 Tour",0
4695,2021-04-15,"Isleta Amphitheater",Albuquerque,NM,USA,"2021 Tour",0
4698,2021-04-15,"The Cynthia Woods Mitchell Pavilion","The Woodlands",TX,USA,"2021 Tour",0
4699,2021-04-15,"Dos Equis Pavilion",Dallas,TX,USA,"2021 Tour",0
4701,2021-04-15,"Walmart Arkansas Music Pavilion",Rogers,AR,USA,"2021 Tour",0
4703,2021-04-15,"BankPlus Amphitheater at Snowden Grove",Southaven,MS,USA,"2021 Tour",0
4708,2021-04-15,"Hollywood Casino Amphitheatre","Maryland Heights",MO,USA,"2021 Tour",0
4710,2021-04-15,"Providence Medical Center Amphitheater","Bonner Springs",KS,USA,"2021 Tour",0
4711,2021-04-15,"Fiddler's Green Amphitheatre","Greenwood Village",CO,USA,"2021 Tour",0
4713,2021-04-15,"Choctaw Grand Theater (Choctaw Casion & Resort)",Durant,OK,USA,"2021 Tour",0
4611,2020-01-25,"The Barn","Big Sky",MT,USA,"2020 Tour",0
4614,2020-01-25,"Tyagarah Tea Tree Farm",Tyagarah,NSW,AUS,"2020 Tour",0
4615,2020-01-25,"First State Super Theatre",Sydney,NSW,AUS,"2020 Tour",0
4616,2020-01-25,"Margaret Court Arena",Melbourne,VIC,AUS,"2020 Tour",0
4617,2020-01-25,"Napa Valley Expo",Napa,CA,USA,"2020 Tour",0
4618,2020-01-25,"Matthews residence",Seattle,WA,USA,"2020 Tour",0
4619,2020-01-25,"Mohegan Sun Arena (Mohegan Sun)",Uncasville,CT,USA,"2020 Tour",0
4620,2020-01-25,"Ruoff Music Center",Noblesville,IN,USA,"2020 Tour",0
4621,2020-01-25,"Blossom Music Center","Cuyahoga Falls",OH,USA,"2020 Tour",0
4622,2020-01-25,"Riverbend Music Center",Cincinnati,OH,USA,"2020 Tour",0
4623,2020-01-25,"Huntington Bank Pavilion at Northerly Island",Chicago,IL,USA,"2020 Tour",0
4624,2020-01-25,"Van Andel Arena","Grand Rapids",MI,USA,"2020 Tour",0
4625,2020-01-25,"DTE Energy Music Theatre",Clarkston,MI,USA,"2020 Tour",0
4626,2020-01-25,"American Family Insurance Amphitheater",Milwaukee,WI,USA,"2020 Tour",0
4627,2020-01-25,"S&T Bank Music Park",Burgettstown,PA,USA,"2020 Tour",0
4628,2020-01-25,"PNC Bank Arts Center",Holmdel,NJ,USA,"2020 Tour",0
4629,2020-01-25,"Saratoga Performing Arts Center","Saratoga Springs",NY,USA,"2020 Tour",0
4630,2020-01-25,"Bank of New Hampshire Pavilion",Gilford,NH,USA,"2020 Tour",0
4631,2020-01-25,"Xfinity Center",Mansfield,MA,USA,"2020 Tour",0
4632,2020-01-25,"Merriweather Post Pavilion",Columbia,MD,USA,"2020 Tour",0
4633,2020-01-25,"Northwell Health at Jones Beach Theater",Wantagh,NY,USA,"2020 Tour",0
4634,2020-01-25,"St. Joseph's Health Amphitheater at Lakeview",Syracuse,NY,USA,"2020 Tour",0
4635,2020-01-25,"Coastal Credit Union Music Park at Walnut Creek",Raleigh,NC,USA,"2020 Tour",0
4636,2020-01-25,"Veterans United Home Loans Amphitheater at Virginia Beach","Virginia Beach",VA,USA,"2020 Tour",0
4637,2020-01-25,"PNC Music Pavilion Charlotte",Charlotte,NC,USA,"2020 Tour",0
4638,2020-01-25,"Ameris Bank Amphitheatre",Alpharetta,GA,USA,"2020 Tour",0
4639,2020-01-25,"iTHINK Financial Amphitheatre","West Palm Beach",FL,USA,"2020 Tour",0
4640,2020-01-25,"Rogers Arena",Vancouver,BC,CAN,"2020 Tour",0
4641,2020-01-25,"The Gorge Amphitheatre",George,WA,USA,"2020 Tour",0
4642,2020-01-25,"Les Schwab Amphitheater",Bend,OR,USA,"2020 Tour",0
4643,2020-01-25,"FivePoint Amphitheatre",Irvine,CA,USA,"2020 Tour",0
4644,2020-01-25,"Isleta Amphitheater",Albuquerque,NM,USA,"2020 Tour",0
4645,2020-01-25,"Choctaw Grand Theater (Choctaw Casion & Resort)",Durant,OK,USA,"2020 Tour",0
4646,2020-01-25,"Walmart Arkansas Music Pavilion",Rogers,AR,USA,"2020 Tour",0
4647,2020-01-25,"BankPlus Amphitheater at Snowden Grove",Southaven,MS,USA,"2020 Tour",0
4548,2019-01-12,"Oceanfront Stage","Virginia Beach",VA,USA,"2019 Tour",0
4460,2018-01-06,"Merifields Farm",Keswick,VA,USA,"2018 Tour",0
4466,2018-01-06,"The Wharf Amphitheater","Orange Beach",AL,USA,"2018 Tour",0
4512,2018-01-06,"The Park at Harlinsdale",Franklin,TN,USA,"2018 Tour",0
4351,2017-02-24,"Washington Square Park","New York",NY,USA,"2017 Tour",0
4363,2017-02-24,"Miller Center for the Arts",Reading,PA,USA,"2017 Tour",0
4370,2017-02-24,"James Street Gastropub and Speakeasy",Pittsburgh,PA,USA,"2017 Tour",0
4377,2017-02-24,"The Pyramid Scheme","Grand Rapids",MI,USA,"2017 Tour",0
4380,2017-02-24,"The Magic Stick",Detroit,MI,USA,"2017 Tour",0
4381,2017-02-24,"Schubas Tavern",Chicago,IL,USA,"2017 Tour",0
4382,2017-02-24,"The Accord",Champaign,IL,USA,"2017 Tour",0
4383,2017-02-24,"The Ready Room","Saint Louis",MO,USA,"2017 Tour",0
4384,2017-02-24,"The Frequency",Madison,WI,USA,"2017 Tour",0
4385,2017-02-24,Vogue,Indianapolis,IN,USA,"2017 Tour",0
4402,2017-02-24,"New York Pizza Pub","Nags Head",NC,USA,"2017 Tour",0
4403,2017-02-24,"The Blind Tiger",Greensboro,NC,USA,"2017 Tour",0
4405,2017-02-24,"Tin Roof",Columbia,SC,USA,"2017 Tour",0
4406,2017-02-24,"Sprint Pavilion",Charlottesville,VA,USA,"2017 Tour",0
4408,2017-02-24,"The Pour House Music Hall",Raleigh,NC,USA,"2017 Tour",0
4409,2017-02-24,"The Rabbit Hole",Charlotte,NC,USA,"2017 Tour",0
4410,2017-02-24,"Asheville Music Hall",Asheville,NC,USA,"2017 Tour",0
4411,2017-02-24,Zydeco,Birmingham,AL,USA,"2017 Tour",0
4412,2017-02-24,"The Pour House",Charleston,SC,USA,"2017 Tour",0
4413,2017-02-24,"The Basement",Nashville,TN,USA,"2017 Tour",0
4414,2017-02-24,"Terminal West",Atlanta,GA,USA,"2017 Tour",0
4415,2017-02-24,"1904 Music Hall",Jacksonville,FL,USA,"2017 Tour",0
4416,2017-02-24,"Bowery Palm Beach","West Palm Beach",FL,USA,"2017 Tour",0
4417,2017-02-24,"Rock Brothers Brewing",Tampa,FL,USA,"2017 Tour",0
4418,2017-02-24,"The Merry Widow",Mobile,AL,USA,"2017 Tour",0
4419,2017-02-24,"One Eyed Jacks","New Orleans",LA,USA,"2017 Tour",0
4421,2017-02-24,"3TEN Austin City Limits Live",Austin,TX,USA,"2017 Tour",0
4422,2017-02-24,Trees,Dallas,TX,USA,"2017 Tour",0
4423,2017-02-24,"Sam's Burger Joint","San Antonio",TX,USA,"2017 Tour",0
4424,2017-02-24,"Seaport District NYC","New York",NY,USA,"2017 Tour",0
4429,2017-02-24,"The Rhythm Room",Phoenix,AZ,USA,"2017 Tour",0
4430,2017-02-24,"Discovery Ventura",Ventura,CA,USA,"2017 Tour",0
4431,2017-02-24,"Winstons Beach Club","San Diego",CA,USA,"2017 Tour",0
4432,2017-02-24,"Fulton 55",Fresno,CA,USA,"2017 Tour",0
4435,2017-02-24,"SLO Brew","San Luis Obispo",CA,USA,"2017 Tour",0
4437,2017-02-24,"Saint Rocke","Hermosa Beach",CA,USA,"2017 Tour",0
4438,2017-02-24,"Brick & Mortar Music Hall","San Francisco",CA,USA,"2017 Tour",0
4439,2017-02-24,"Harlow's",Sacramento,CA,USA,"2017 Tour",0
4440,2017-02-24,"Crystal Bay Casino","Crystal Bay",NV,USA,"2017 Tour",0
4442,2017-02-24,"Mission Theater and Pub",Portland,OR,USA,"2017 Tour",0
4443,2017-02-24,"The Shakedown",Bellingham,WA,USA,"2017 Tour",0
4444,2017-02-24,"Coachman Park",Clearwater,FL,USA,"2017 Tour",0
4445,2017-02-24,"The Crocodile",Seattle,WA,USA,"2017 Tour",0
4446,2017-02-24,"Globe Hall",Denver,CO,USA,"2017 Tour",0
4448,2017-02-24,"Topgolf (MGM Grand Las Vegas)","Las Vegas",NV,USA,"2017 Tour",0
4284,2016-02-02,"BSP Lounge",Kingston,NY,USA,"2016 Tour",0
4204,2015-01-16,"The Showbox",Seattle,WA,USA,"2015 Tour",0
4080,2013-02-06,Backspace,Portland,OR,USA,"2013 Tour",0
4081,2013-02-06,Roxie,"San Francisco",CA,USA,"2013 Tour",0
4084,2013-02-06,"Full Moon Drive-In","San Diego",CA,USA,"2013 Tour",0
4086,2013-02-06,"Capen Auditorium (Illinois State University)",Normal,IL,USA,"2013 Tour",0
4087,2013-02-06,"Rockit Bar & Grill",Chicago,IL,USA,"2013 Tour",0
4088,2013-02-06,Nighttown,"Cleveland Heights",OH,USA,"2013 Tour",0
4089,2013-02-06,"Soho Beach House","Miami Beach",FL,USA,"2013 Tour",0
4091,2013-02-06,"Events on 3rd",Nashville,TN,USA,"2013 Tour",0
4097,2013-02-06,"School of Visual Arts Theatre","New York",NY,USA,"2013 Tour",0
4096,2013-01-18,"Michael Jordan's The Steak House N.Y.C. (Grand Central Terminal)","New York",NY,USA,"2013 Tour",0
4106,2013-01-18,"Austin360 Amphitheater","Del Valle",TX,USA,"2013 Tour",0
4117,2013-01-18,"Victorinox Swiss Army","New York",NY,USA,"2013 Tour",0
4137,2013-01-18,"Victorinox Swiss Army (The Beverly Center)","Los Angeles",CA,USA,"2013 Tour",0
4039,2012-03-28,"Rockit Bar & Grill",Chicago,IL,USA,"2012 Tour",0
4044,2012-03-28,"Moore Theatre",Seattle,WA,USA,"2012 Tour",0
4057,2012-03-28,"Public Works SF","San Francisco",CA,USA,"2012 Tour",0
4058,2012-03-28,"Bill Graham Civic Auditorium","San Francisco",CA,USA,"2012 Tour",0
4060,2012-03-28,"Tammany Hall","New York",NY,USA,"2012 Tour",0
3974,2011-01-21,"The Belle Haven Club",Greenwich,CT,USA,"2011 Tour",0
3986,2011-01-21,"Governors Island","New York",NY,USA,"2011 Tour",0
3870,2010-01-22,"Arenan Fryshuset",Stockholm,SWE,USA,"2010 Tour",0
3871,2010-01-22,"Falkoner Salen",Frederiksberg,DNK,USA,"2010 Tour",0
3840,2009-01-24,"USANA Amphitheatre","West Valley City",UT,USA,"2009 Tour",0
3848,2009-01-24,"Toyota Pavilion at Montage Mountain",Scranton,PA,USA,"2009 Tour",0
3850,2009-01-24,"Susquehanna Bank Center",Camden,NJ,USA,"2009 Tour",0
3768,2008-01-09,"Raley Field","West Sacramento",CA,USA,"2008 Tour",0
3769,2008-01-09,"USANA Amphitheatre","West Valley City",UT,USA,"2008 Tour",0
3662,2007-03-19,"Esplanade Reserve",Fremantle,WA,AUS,"2007 Tour",0
3663,2007-03-19,"Festival Theatre (Adelaide Festival Centre)",Adelaide,SA,AUS,"2007 Tour",0
3664,2007-03-19,"Brisbane Convention & Exhibition Centre",Brisbane,QLD,AUS,"2007 Tour",0
3665,2007-03-19,"Red Devil Park","Byron Bay",NSW,AUS,"2007 Tour",0
3666,2007-03-19,"Hordern Pavilion",Sydney,NSW,AUS,"2007 Tour",0
3667,2007-03-19,"Vodafone Arena",Melbourne,VIC,AUS,"2007 Tour",0
3445,2004-01-21,"Jillian's",Columbia,SC,USA,"2004 Tour",0
3449,2004-01-21,"Macon Coliseum & Edgar H. Wilson Convention Centre",Macon,GA,USA,"2004 Tour",0
3372,2003-03-29,"WBOS 92.9 FM",Boston,MA,USA,"2003 Tour",0
3373,2003-03-29,"Virgin Megastore",Columbus,OH,USA,"2003 Tour",0
3402,2003-03-29,Tulagi,Boulder,CO,USA,"2003 Tour",0
3404,2003-03-29,"Enterprise Park at Calverton",Riverhead,NY,USA,"2003 Tour",0
3263,2002-02-09,"Ryman Auditorium",Nashville,TN,USA,"2002 Tour",0
3264,2002-02-09,"Madison Square Garden","New York",NY,USA,"2002 Tour",0
3272,2002-02-09,"Grant Park",Chicago,IL,USA,"2002 Tour",0
3184,2001-01-20,"Scott Stadium (University of Virginia)",Charlottesville,VA,USA,"2001 Tour",0
3228,2001-01-20,"General Motors Place",Vancouver,BC,CAN,"2001 Tour",0
3241,2001-01-20,"El Auditorio Nacional","Mexico City",MEX,USA,"2001 Tour",0
3243,2001-01-20,Docks,Hamburg,DEU,USA,"2001 Tour",0
3246,2001-01-20,Anker,Leipzig,DEU,USA,"2001 Tour",0
3247,2001-01-20,"Live Music Hall",Cologne,DEU,USA,"2001 Tour",0
3248,2001-01-20,Casino,Berlin,DEU,USA,"2001 Tour",0
3249,2001-01-20,Capitol,"Offenbach am Main",DEU,USA,"2001 Tour",0
3250,2001-01-20,Georg-Elser-Halle,Munich,DEU,USA,"2001 Tour",0
3251,2001-01-20,"Palais Theatre","St Kilda",VIC,AUS,"2001 Tour",0
3252,2001-01-20,"State Theatre",Sydney,NSW,AUS,"2001 Tour",0
3142,2000-02-20,"Whitlow's on Wilson",Arlington,VA,USA,"2000 Tour",0
3007,1999-01-27,"Center for the Arts (State University of New York at Buffalo)",Buffalo,NY,USA,"1999 Tour",0
2948,1998-04-18,"Teatro Metropolitan","Mexico City",MEX,USA,"1998 Tour",0
2949,1998-04-18,"Teatro Broadway","Buenos Aires",ARG,USA,"1998 Tour",0
2811,1997-01-17,"Calvin Fieldhouse (Calvin College)","Grand Rapids",MI,USA,"1997 Tour",0
2812,1997-01-17,"Akron Civic Theater",Akron,OH,USA,"1997 Tour",0
2720,1996-06-28,"Olympiahalle (Olympiapark München)",Munich,DEU,USA,"1996 Tour",0
2680,1996-05-09,Loft,Berlin,DEU,USA,"1996 Tour",0
2686,1996-05-09,"Draf- en Renbaan Limburg",Landgraaf,NLD,USA,"1996 Tour",0
2663,1996-04-08,Bassline,Johannesburg,ZAF,USA,"1996 Tour",0
2718,1996-04-08,"VH1 Studios London",London,ENG,USA,"1996 Tour",0
2721,1996-04-08,[Unknown],Hamburg,DEU,USA,"1996 Tour",0
2749,1996-04-08,"Starwood Amphitheatre",Antioch,TN,USA,"1996 Tour",0
2750,1996-04-08,"Sandstone Amphitheatre","Bonner Springs",KS,USA,"1996 Tour",0
2751,1996-04-08,"Riverport Amphitheatre","Maryland Heights",MO,USA,"1996 Tour",0
2752,1996-04-08,"Rupp Arena",Lexington,KY,USA,"1996 Tour",0
2753,1996-04-08,"Assembly Hall (University of Illinois Urbana–Champaign)",Champaign,IL,USA,"1996 Tour",0
2754,1996-04-08,"Dane County Memorial Coliseum",Madison,WI,USA,"1996 Tour",0
2755,1996-04-08,"James H. Hilton Coliseum (Iowa State University of Science and Technology)",Ames,IA,USA,"1996 Tour",0
2756,1996-04-08,"Omaha Civic Auditorium",Omaha,NE,USA,"1996 Tour",0
2757,1996-04-08,"Target Center",Minneapolis,MN,USA,"1996 Tour",0
2758,1996-04-08,"Wings Stadium",Kalamazoo,MI,USA,"1996 Tour",0
2581,1995-06-03,"Nürburgring","Nürburg",DEU,USA,"1995 Tour",0
2582,1995-06-03,"Olympiastadion (Olympiapark München)",Munich,DEU,USA,"1995 Tour",0
2583,1995-06-03,"Draf- en Renbaan Limburg",Landgraaf,NLD,USA,"1995 Tour",0
2589,1995-06-03,"Parco Area Militare",Arezzo,ITA,USA,"1995 Tour",0
2590,1995-06-03,Festivalterrein,Torhout,BEL,USA,"1995 Tour",0
2591,1995-06-03,"Festivalterrein Werchter",Werchter,BEL,USA,"1995 Tour",0
2592,1995-06-03,"Palau dels Esports de Barcelona",Barcelona,Barcelona,ESP,"1995 Tour",0
2593,1995-06-03,"[Open Field]",Ringe,DNK,USA,"1995 Tour",0
2527,1995-02-24,"Peoria Civic Center",Peoria,IL,USA,"1995 Tour",0
2534,1995-02-24,[Unknown],Glasgow,SCT,USA,"1995 Tour",0
2550,1995-02-24,"Florida Theater",Gainesville,FL,USA,"1995 Tour",0
2553,1995-02-24,"Wilmington International Airport",Wilmington,NC,USA,"1995 Tour",0
2518,1995-01-26,"State Theatre",Detroit,MI,USA,"1995 Tour",0
2442,1994-09-27,"House of Blues New Orleans","New Orleans",LA,USA,"1994 Tour",0
2448,1994-09-27,"River Valley Music Cafe",Lawrence,KS,USA,"1994 Tour",0
2471,1994-09-27,"The Town Pump",Vancouver,BC,CAN,"1994 Tour",0
2477,1994-09-27,"Whisky a Go Go","West Hollywood",CA,USA,"1994 Tour",0
2483,1994-09-27,"The Rock",Tucson,AZ,USA,"1994 Tour",0
2402,1994-08-16,"Seashore Performing Arts Center","Old Orchard Beach",ME,USA,"1994 Tour",0
2386,1994-07-17,"Bottle & Cork","Dewey Beach",DE,USA,"1994 Tour",0
2393,1994-07-17,"New Daisy Theatre",Memphis,TN,USA,"1994 Tour",0
2441,1994-01-07,"Pose Till Closing","New Orleans",LA,USA,"1994 Tour",0
2289,1994-01-03,"Stonebridge Inn & Conference Center","Snowmass Village",CO,USA,"1994 Tour",0
2290,1994-01-03,"Double Diamond",Aspen,CO,USA,"1994 Tour",0
2292,1994-01-03,"JohSha's",Breckenridge,CO,USA,"1994 Tour",0
2293,1994-01-03,"The Inferno","Steamboat Springs",CO,USA,"1994 Tour",0
2305,1994-01-03,"The Attic",Greenville,NC,USA,"1994 Tour",0
2310,1994-01-03,"Flamingo's",Knoxville,TN,USA,"1994 Tour",0
2312,1994-01-03,"Cat's Cradle",Carrboro,NC,USA,"1994 Tour",0
2315,1994-01-03,"Music Farm",Charleston,SC,USA,"1994 Tour",0
2333,1994-01-03,Tangz,"Fort Collins",CO,USA,"1994 Tour",0
2335,1994-01-03,"Colorado Ballroom (Beaver Run Resort & Conference Center)",Breckenridge,CO,USA,"1994 Tour",0
2336,1994-01-03,"Hairy Marys","Des Moines",IA,USA,"1994 Tour",0
2344,1994-01-03,"Kappa Alpha, Chi Chapter",Nashville,TN,USA,"1994 Tour",0
2355,1994-01-03,"[Unknown] (Cornell University)",Ithaca,NY,USA,"1994 Tour",0
2361,1994-01-03,"248 Fife Avenue",Morgantown,WV,USA,"1994 Tour",0
2374,1994-01-03,"Atlantis Beach Club","Nags Head",NC,USA,"1994 Tour",0
2285,1994-01-01,Trax,Charlottesville,VA,USA,"1994 Tour",0
2297,1994-01-01,Benchwarmers,Lawrence,KS,USA,"1994 Tour",0
2298,1994-01-01,"Blind Pig","Ann Arbor",MI,USA,"1994 Tour",0
2299,1994-01-01,"Schubas Tavern",Chicago,IL,USA,"1994 Tour",0
2301,1994-01-01,"Be Here Now",Asheville,NC,USA,"1994 Tour",0
2303,1994-01-01,"Ivory Tusk",Tuscaloosa,AL,USA,"1994 Tour",0
2308,1994-01-01,"The Record Exchange",Greensboro,NC,USA,"1994 Tour",0
2311,1994-01-01,"The Record Exchange","Chapel Hill",NC,USA,"1994 Tour",0
2319,1994-01-01,"Flood Zone",Richmond,VA,USA,"1994 Tour",0
2325,1994-01-01,Masquerade,Tampa,FL,USA,"1994 Tour",0
2391,1994-01-01,"Ziggy's Tavern",Winston-Salem,NC,USA,"1994 Tour",0
2395,1994-01-01,"The Ritz",Raleigh,NC,USA,"1994 Tour",0
2398,1994-01-01,"Riverside Park Amphitheater (Riverside Park)",Agawam,MA,USA,"1994 Tour",0
2400,1994-01-01,"Champlain Valley Fairgrounds","Essex Junction",VT,USA,"1994 Tour",0
2403,1994-01-01,"Orange County Fairgrounds",Middletown,NY,USA,"1994 Tour",0
2407,1994-01-01,"Classic Amphitheater at Strawberry Hill",Henrico,VA,USA,"1994 Tour",0
2419,1994-01-01,"Garden State Arts Center",Holmdel,NJ,USA,"1994 Tour",0
2420,1994-01-01,"Crossroads Concert Hall",Charlottesville,VA,USA,"1994 Tour",0
2430,1994-01-01,"Horizontal Boogie Bar",Rochester,NY,USA,"1994 Tour",0
5522,1993-12-31,"Marriott Richmond",Richmond,VA,USA,"1993 Tour",0
5521,1993-12-29,"Ziggy's Tavern",Winston-Salem,NC,USA,"1993 Tour",0
5520,1993-12-28,"Pterodactyl Club",Charlotte,NC,USA,"1993 Tour",0
5519,1993-12-27,[Unknown],Charlotte,NC,USA,"1993 Tour",0
5518,1993-12-12,"Jefferson Theater",Charlottesville,VA,USA,"1993 Tour",0
5517,1993-12-11,"Mission Park",Williamstown,MA,USA,"1993 Tour",0
5516,1993-12-10,"Irving Plaza","New York",NY,USA,"1993 Tour",0
5515,1993-12-08,"Flood Zone",Richmond,VA,USA,"1993 Tour",0
5514,1993-12-07,Trax,Charlottesville,VA,USA,"1993 Tour",0
5513,1993-12-05,"Ivory Tusk",Tuscaloosa,AL,USA,"1993 Tour",0
5512,1993-12-04,"The Cannery",Nashville,TN,USA,"1993 Tour",0
5511,1993-12-03,"Flamingo's",Knoxville,TN,USA,"1993 Tour",0
5510,1993-12-02,"Commonwealth Ballroom (Virginia Polytechnic Institute & State University)",Blacksburg,VA,USA,"1993 Tour",0
5509,1993-12-01,"Flood Zone",Richmond,VA,USA,"1993 Tour",0
5508,1993-11-30,Trax,Charlottesville,VA,USA,"1993 Tour",0
5507,1993-11-29,"Wilson Hall (James Madison University)",Harrisonburg,VA,USA,"1993 Tour",0
5506,1993-11-27,"The Bayou",Washington,DC,USA,"1993 Tour",0
5505,1993-11-26,"Peppermint Beach Club","Virginia Beach",VA,USA,"1993 Tour",0
5504,1993-11-24,"Flood Zone",Richmond,VA,USA,"1993 Tour",0
5503,1993-11-23,Trax,Charlottesville,VA,USA,"1993 Tour",0
5502,1993-11-20,"Georgia Theatre",Athens,GA,USA,"1993 Tour",0
5501,1993-11-19,"Music Farm",Charleston,SC,USA,"1993 Tour",0
5500,1993-11-18,"The Mad Monk",Wilmington,NC,USA,"1993 Tour",0
5499,1993-11-17,"Flood Zone",Richmond,VA,USA,"1993 Tour",0
5498,1993-11-16,Trax,Charlottesville,VA,USA,"1993 Tour",0
5497,1993-11-13,"Washington Room (Trinity College)",Hartford,CT,USA,"1993 Tour",0
5496,1993-11-12,"Paradise Rock Club",Boston,MA,USA,"1993 Tour",0
5495,1993-11-11,"Pearl Street Nightclub",Northampton,MA,USA,"1993 Tour",0
5494,1993-11-10,"Flood Zone",Richmond,VA,USA,"1993 Tour",0
5566,1993-11-10,"WVGO 106.5 FM",Richmond,VA,USA,"1993 Tour",0
5493,1993-11-09,Trax,Charlottesville,VA,USA,"1993 Tour",0
5492,1993-11-06,"Hugh Brenaman Field House (St. Christopher’s School)",Richmond,VA,USA,"1993 Tour",0
5491,1993-11-05,"Ziggy's Tavern",Winston-Salem,NC,USA,"1993 Tour",0
5490,1993-11-04,"The Attic",Greenville,NC,USA,"1993 Tour",0
5489,1993-11-03,"Flood Zone",Richmond,VA,USA,"1993 Tour",0
5488,1993-11-02,Trax,Charlottesville,VA,USA,"1993 Tour",0
5487,1993-10-30,"Wetlands Preserve","New York",NY,USA,"1993 Tour",0
5486,1993-10-29,"The Bayou",Washington,DC,USA,"1993 Tour",0
5485,1993-10-27,"Zollman’s Pavilion (Washington and Lee University)",Lexington,VA,USA,"1993 Tour",0
5484,1993-10-26,Trax,Charlottesville,VA,USA,"1993 Tour",0
5483,1993-10-24,Metro,Chicago,IL,USA,"1993 Tour",0
5482,1993-10-23,Metro,Chicago,IL,USA,"1993 Tour",0
5481,1993-10-22,"Louie Louie",Birmingham,AL,USA,"1993 Tour",0
5480,1993-10-21,"Ivory Tusk",Tuscaloosa,AL,USA,"1993 Tour",0
5479,1993-10-20,"Flood Zone",Richmond,VA,USA,"1993 Tour",0
5478,1993-10-19,Trax,Charlottesville,VA,USA,"1993 Tour",0
5477,1993-10-16,"Lake Matoaka Amphitheater (The College of William & Mary in Virginia)",Williamsburg,VA,USA,"1993 Tour",0
5476,1993-10-15,"Kirby Field House (Hampden-Sydney College)",Hampden-Sydney,VA,USA,"1993 Tour",0
5475,1993-10-08,"Few Quad (Duke University)",Durham,NC,USA,"1993 Tour",0
5474,1993-10-07,"Gibbes Property",Columbia,SC,USA,"1993 Tour",0
5473,1993-10-06,"Flood Zone",Richmond,VA,USA,"1993 Tour",0
5472,1993-10-05,Trax,Charlottesville,VA,USA,"1993 Tour",0
5471,1993-10-03,"Van Riper's Lake",Afton,VA,USA,"1993 Tour",0
5470,1993-10-02,"[Unknown] (The University of North Carolina at Chapel Hill)","Chapel Hill",NC,USA,"1993 Tour",0
5469,1993-10-01,"Ziggy's Tavern",Winston-Salem,NC,USA,"1993 Tour",0
5468,1993-09-29,"Flood Zone",Richmond,VA,USA,"1993 Tour",0
5467,1993-09-28,Trax,Charlottesville,VA,USA,"1993 Tour",0
5466,1993-09-23,"Georgia Theatre",Athens,GA,USA,"1993 Tour",0
5465,1993-09-22,[Unknown],Athens,GA,USA,"1993 Tour",0
5464,1993-09-21,"Chameleon Club",Atlanta,GA,USA,"1993 Tour",0
5463,1993-09-18,"Red Rocks Amphitheatre",Morrison,CO,USA,"1993 Tour",0
5462,1993-09-17,"Stage Stop",Rollinsville,CO,USA,"1993 Tour",0
5461,1993-09-16,"Fox Theatre",Boulder,CO,USA,"1993 Tour",0
5565,1993-09-16,"Paramount Theatre",Denver,CO,USA,"1993 Tour",0
5460,1993-09-14,"The Cubby Bear",Chicago,IL,USA,"1993 Tour",0
5459,1993-09-12,"Brown's Island",Richmond,VA,USA,"1993 Tour",0
5458,1993-09-08,"Flood Zone",Richmond,VA,USA,"1993 Tour",0
5457,1993-09-07,Trax,Charlottesville,VA,USA,"1993 Tour",0
5456,1993-09-03,"Corrin Refectory (Salem College)",Winston-Salem,NC,USA,"1993 Tour",0
5455,1993-09-02,"The Attic",Greenville,NC,USA,"1993 Tour",0
5454,1993-09-01,"Flood Zone",Richmond,VA,USA,"1993 Tour",0
5453,1993-08-31,Trax,Charlottesville,VA,USA,"1993 Tour",0
5452,1993-08-28,"Emory University",Atlanta,GA,USA,"1993 Tour",0
5451,1993-08-27,Trax,Charlottesville,VA,USA,"1993 Tour",0
5450,1993-08-26,"Music Farm",Charleston,SC,USA,"1993 Tour",0
5449,1993-08-24,"Lake Cheston Pavilion (The University of the South)",Sewanee,TN,USA,"1993 Tour",0
5448,1993-08-19,"Wetlands Preserve","New York",NY,USA,"1993 Tour",0
5447,1993-08-18,Muse,Nantucket,MA,USA,"1993 Tour",0
5446,1993-08-17,Muse,Nantucket,MA,USA,"1993 Tour",0
5445,1993-08-16,Muse,Nantucket,MA,USA,"1993 Tour",0
5444,1993-08-14,"The Bayou",Washington,DC,USA,"1993 Tour",0
5443,1993-08-13,"Carowinds Paladium Amphitheatre",Charlotte,NC,USA,"1993 Tour",0
5442,1993-08-12,"Hardee's Walnut Creek Amphitheatre",Raleigh,NC,USA,"1993 Tour",0
5441,1993-08-10,"Flood Zone",Richmond,VA,USA,"1993 Tour",0
5440,1993-08-03,Trax,Charlottesville,VA,USA,"1993 Tour",0
5439,1993-08-02,"Atlantis Beach Club","Nags Head",NC,USA,"1993 Tour",0
5438,1993-08-01,"Main Street Cafe",Charlottesville,VA,USA,"1993 Tour",0
5437,1993-07-29,"Peppermint Beach Club","Virginia Beach",VA,USA,"1993 Tour",0
5436,1993-07-28,Trax,Charlottesville,VA,USA,"1993 Tour",0
5435,1993-07-27,"Flood Zone",Richmond,VA,USA,"1993 Tour",0
5564,1993-07-27,Trax,Charlottesville,VA,USA,"1993 Tour",0
5434,1993-07-26,Max,Charlottesville,VA,USA,"1993 Tour",0
5433,1993-07-23,"7 Willow Street","Port Chester",NY,USA,"1993 Tour",0
5432,1993-07-22,"Wetlands Preserve","New York",NY,USA,"1993 Tour",0
5431,1993-07-21,"Flood Zone",Richmond,VA,USA,"1993 Tour",0
5430,1993-07-20,Trax,Charlottesville,VA,USA,"1993 Tour",0
5429,1993-07-18,"Myskyns Tavern",Charleston,SC,USA,"1993 Tour",0
5428,1993-07-17,"Georgia Theatre",Athens,GA,USA,"1993 Tour",0
5427,1993-07-16,"Sigma Nu, Mu Chapter",Athens,GA,USA,"1993 Tour",0
5426,1993-07-15,"Chameleon Club",Atlanta,GA,USA,"1993 Tour",0
5425,1993-07-14,"Flood Zone",Richmond,VA,USA,"1993 Tour",0
5424,1993-07-13,Trax,Charlottesville,VA,USA,"1993 Tour",0
5423,1993-07-08,"Brown's Island",Richmond,VA,USA,"1993 Tour",0
5422,1993-07-07,"Flood Zone",Richmond,VA,USA,"1993 Tour",0
5421,1993-07-06,Trax,Charlottesville,VA,USA,"1993 Tour",0
5420,1993-07-03,"Ziggy's Tavern",Winston-Salem,NC,USA,"1993 Tour",0
5419,1993-06-30,"Flood Zone",Richmond,VA,USA,"1993 Tour",0
5418,1993-06-29,Trax,Charlottesville,VA,USA,"1993 Tour",0
5417,1993-06-26,"The Bayou",Washington,DC,USA,"1993 Tour",0
5416,1993-06-24,"Wetlands Preserve","New York",NY,USA,"1993 Tour",0
5415,1993-06-23,"Flood Zone",Richmond,VA,USA,"1993 Tour",0
5414,1993-06-22,Trax,Charlottesville,VA,USA,"1993 Tour",0
5413,1993-06-21,"Georgia Theatre",Athens,GA,USA,"1993 Tour",0
5412,1993-06-20,[Unknown],Lawrenceville,GA,USA,"1993 Tour",0
5411,1993-06-18,Mug-Shots,Greenville,NC,USA,"1993 Tour",0
5410,1993-06-17,"Ziggy's Tavern",Winston-Salem,NC,USA,"1993 Tour",0
5409,1993-06-16,"Flood Zone",Richmond,VA,USA,"1993 Tour",0
5408,1993-06-15,Trax,Charlottesville,VA,USA,"1993 Tour",0
5407,1993-06-13,Memphis,Richmond,VA,USA,"1993 Tour",0
5406,1993-06-12,"Peppermint Beach Club","Virginia Beach",VA,USA,"1993 Tour",0
5405,1993-06-09,"Flood Zone",Richmond,VA,USA,"1993 Tour",0
5404,1993-06-08,Trax,Charlottesville,VA,USA,"1993 Tour",0
5403,1993-06-04,"The Bayou",Washington,DC,USA,"1993 Tour",0
5402,1993-06-02,"Flood Zone",Richmond,VA,USA,"1993 Tour",0
5401,1993-06-01,Trax,Charlottesville,VA,USA,"1993 Tour",0
5400,1993-05-31,"Zollman’s Pavilion (Washington and Lee University)",Lexington,VA,USA,"1993 Tour",0
5399,1993-05-27,"Wetlands Preserve","New York",NY,USA,"1993 Tour",0
5398,1993-05-26,"Flood Zone",Richmond,VA,USA,"1993 Tour",0
5397,1993-05-25,Trax,Charlottesville,VA,USA,"1993 Tour",0
5396,1993-05-23,"Live Arts",Charlottesville,VA,USA,"1993 Tour",0
5395,1993-05-22,Trax,Charlottesville,VA,USA,"1993 Tour",0
5394,1993-05-21,"Lewis’",Norfolk,VA,USA,"1993 Tour",0
5563,1993-05-21,"Town Point Park",Norfolk,VA,USA,"1993 Tour",0
5393,1993-05-19,"Flood Zone",Richmond,VA,USA,"1993 Tour",0
5392,1993-05-18,Trax,Charlottesville,VA,USA,"1993 Tour",0
5391,1993-05-15,"Lewis’",Norfolk,VA,USA,"1993 Tour",0
5390,1993-05-11,Trax,Charlottesville,VA,USA,"1993 Tour",0
5389,1993-05-10,"Old Cabell Hall (University of Virginia)",Charlottesville,VA,USA,"1993 Tour",0
5388,1993-05-09,"Broadway Square",Baltimore,MD,USA,"1993 Tour",0
5562,1993-05-09,"Max's on Broadway",Baltimore,MD,USA,"1993 Tour",0
5387,1993-05-05,"Flood Zone",Richmond,VA,USA,"1993 Tour",0
5386,1993-05-04,"Flood Zone",Richmond,VA,USA,"1993 Tour",0
5385,1993-05-01,[Unknown],Athens,GA,USA,"1993 Tour",0
5560,1993-05-01,"Marriott Richmond",Richmond,VA,USA,"1993 Tour",0
5384,1993-04-30,"Hoyt Street Bar and Grill",Athens,GA,USA,"1993 Tour",0
5383,1993-04-28,"The Boathouse",Norfolk,VA,USA,"1993 Tour",0
5382,1993-04-27,Trax,Charlottesville,VA,USA,"1993 Tour",0
5381,1993-04-25,"Van Riper's Lake",Afton,VA,USA,"1993 Tour",0
5559,1993-04-25,"Tokyo Rose",Charlottesville,VA,USA,"1993 Tour",0
5380,1993-04-24,"Frank Day Field (Randolph-Macon College)",Ashland,VA,USA,"1993 Tour",0
5379,1993-04-23,"Smith Banquet Hall (Randolph-Macon Woman's College)",Lynchburg,VA,USA,"1993 Tour",0
5378,1993-04-22,"The Prism Coffeehouse",Charlottesville,VA,USA,"1993 Tour",0
5377,1993-04-21,"Irving Plaza","New York",NY,USA,"1993 Tour",0
5376,1993-04-20,Trax,Charlottesville,VA,USA,"1993 Tour",0
5375,1993-04-18,"Brown's Island",Richmond,VA,USA,"1993 Tour",0
5558,1993-04-18,"Tokyo Rose",Charlottesville,VA,USA,"1993 Tour",0
5374,1993-04-17,"Flood Zone",Richmond,VA,USA,"1993 Tour",0
5373,1993-04-15,"William & Mary Hall (The College of William & Mary in Virginia)",Williamsburg,VA,USA,"1993 Tour",0
5372,1993-04-14,"Flood Zone",Richmond,VA,USA,"1993 Tour",0
5371,1993-04-13,Trax,Charlottesville,VA,USA,"1993 Tour",0
5370,1993-04-11,"Tokyo Rose",Charlottesville,VA,USA,"1993 Tour",0
5369,1993-04-10,"The Bayou",Washington,DC,USA,"1993 Tour",0
5368,1993-04-09,"Wetlands Preserve","New York",NY,USA,"1993 Tour",0
5367,1993-04-08,"[Unknown Fraternity] (Princeton University)",Princeton,NJ,USA,"1993 Tour",0
5366,1993-04-07,"Flood Zone",Richmond,VA,USA,"1993 Tour",0
5365,1993-04-06,Trax,Charlottesville,VA,USA,"1993 Tour",0
5364,1993-04-05,"The Prism Coffeehouse",Charlottesville,VA,USA,"1993 Tour",0
5363,1993-04-04,"Tokyo Rose",Charlottesville,VA,USA,"1993 Tour",0
5362,1993-04-03,"[Unknown] (College of Charleston)",Charleston,SC,USA,"1993 Tour",0
5361,1993-04-02,"Corrin Refectory (Salem College)",Winston-Salem,NC,USA,"1993 Tour",0
5360,1993-04-01,"He's Not Here","Chapel Hill",NC,USA,"1993 Tour",0
5359,1993-03-31,"Flood Zone",Richmond,VA,USA,"1993 Tour",0
5358,1993-03-30,Trax,Charlottesville,VA,USA,"1993 Tour",0
5357,1993-03-28,"Tokyo Rose",Charlottesville,VA,USA,"1993 Tour",0
5356,1993-03-27,"Robins Center (University of Richmond)",Richmond,VA,USA,"1993 Tour",0
5355,1993-03-24,"Flood Zone",Richmond,VA,USA,"1993 Tour",0
5354,1993-03-23,Trax,Charlottesville,VA,USA,"1993 Tour",0
5353,1993-03-21,"Tokyo Rose",Charlottesville,VA,USA,"1993 Tour",0
5352,1993-03-20,"Sigma Nu, Psi Chapter","Chapel Hill",NC,USA,"1993 Tour",0
5351,1993-03-18,"Wetlands Preserve","New York",NY,USA,"1993 Tour",0
5350,1993-03-17,"Flood Zone",Richmond,VA,USA,"1993 Tour",0
5349,1993-03-16,Trax,Charlottesville,VA,USA,"1993 Tour",0
5348,1993-03-14,"Tokyo Rose",Charlottesville,VA,USA,"1993 Tour",0
5347,1993-03-13,"Riverside Amphitheater (The University of Alabama)",Tuscaloosa,AL,USA,"1993 Tour",0
5346,1993-03-12,"Chi Phi, Eta Chapter",Athens,GA,USA,"1993 Tour",0
5345,1993-03-10,"Flood Zone",Richmond,VA,USA,"1993 Tour",0
5344,1993-03-09,Trax,Charlottesville,VA,USA,"1993 Tour",0
5343,1993-03-07,Trax,Charlottesville,VA,USA,"1993 Tour",0
5556,1993-03-07,"Tokyo Rose",Charlottesville,VA,USA,"1993 Tour",0
5342,1993-03-06,"Kappa Sigma, Mu Chapter (Washington & Lee University)",Lexington,VA,USA,"1993 Tour",0
5341,1993-03-04,"Zollman’s Pavilion (Washington and Lee University)",Lexington,VA,USA,"1993 Tour",0
5340,1993-03-03,"Flood Zone",Richmond,VA,USA,"1993 Tour",0
5339,1993-03-02,Trax,Charlottesville,VA,USA,"1993 Tour",0
5338,1993-03-01,"Cat's Cradle",Carrboro,NC,USA,"1993 Tour",0
5337,1993-02-28,"Tokyo Rose",Charlottesville,VA,USA,"1993 Tour",0
5336,1993-02-27,"Phi Delta Theta, Alabama Beta Chapter",Auburn,AL,USA,"1993 Tour",0
5335,1993-02-26,"Phi Delta Theta, Alabama Alpha Chapter",Tuscaloosa,AL,USA,"1993 Tour",0
5334,1993-02-25,"Sigma Alpha Epsilon, Georgia Beta Chapter",Athens,GA,USA,"1993 Tour",0
5333,1993-02-24,"Flood Zone",Richmond,VA,USA,"1993 Tour",0
5332,1993-02-23,Trax,Charlottesville,VA,USA,"1993 Tour",0
5331,1993-02-21,[Unknown],"","",USA,"1993 Tour",0
5555,1993-02-21,"Tokyo Rose",Charlottesville,VA,USA,"1993 Tour",0
5330,1993-02-17,"Flood Zone",Richmond,VA,USA,"1993 Tour",0
5329,1993-02-16,Trax,Charlottesville,VA,USA,"1993 Tour",0
5328,1993-02-14,"Tokyo Rose",Charlottesville,VA,USA,"1993 Tour",0
5327,1993-02-13,"The Bayou",Washington,DC,USA,"1993 Tour",0
5326,1993-02-12,"Kirby Field House (Hampden-Sydney College)",Hampden-Sydney,VA,USA,"1993 Tour",0
5325,1993-02-11,"Sigma Phi Epsilon, North Carolina Delta Chapter","Chapel Hill",NC,USA,"1993 Tour",0
5324,1993-02-10,"Flood Zone",Richmond,VA,USA,"1993 Tour",0
5323,1993-02-09,Trax,Charlottesville,VA,USA,"1993 Tour",0
5322,1993-02-07,"Tokyo Rose",Charlottesville,VA,USA,"1993 Tour",0
5321,1993-02-06,"Zollman’s Pavilion (Washington and Lee University)",Lexington,VA,USA,"1993 Tour",0
5320,1993-02-04,"Wetlands Preserve","New York",NY,USA,"1993 Tour",0
5319,1993-02-03,"Flood Zone",Richmond,VA,USA,"1993 Tour",0
5318,1993-02-02,Trax,Charlottesville,VA,USA,"1993 Tour",0
5317,1993-01-31,"Tokyo Rose",Charlottesville,VA,USA,"1993 Tour",0
5316,1993-01-30,"Zollman’s Pavilion (Washington and Lee University)",Lexington,VA,USA,"1993 Tour",0
5315,1993-01-29,"Ziggy's Tavern",Winston-Salem,NC,USA,"1993 Tour",0
5314,1993-01-27,"Flood Zone",Richmond,VA,USA,"1993 Tour",0
5313,1993-01-26,Trax,Charlottesville,VA,USA,"1993 Tour",0
5312,1993-01-24,"Tokyo Rose",Charlottesville,VA,USA,"1993 Tour",0
5311,1993-01-23,Trax,Charlottesville,VA,USA,"1993 Tour",0
5310,1993-01-20,"Flood Zone",Richmond,VA,USA,"1993 Tour",0
5309,1993-01-19,Trax,Charlottesville,VA,USA,"1993 Tour",0
5308,1993-01-17,"Tokyo Rose",Charlottesville,VA,USA,"1993 Tour",0
5307,1993-01-13,"Flood Zone",Richmond,VA,USA,"1993 Tour",0
5306,1993-01-12,Trax,Charlottesville,VA,USA,"1993 Tour",0
5305,1993-01-10,"Tokyo Rose",Charlottesville,VA,USA,"1993 Tour",0
5304,1993-01-06,"Flood Zone",Richmond,VA,USA,"1993 Tour",0
5303,1993-01-05,Trax,Charlottesville,VA,USA,"1993 Tour",0
2184,1993-01-03,"Byrd Theatre",Richmond,VA,USA,"1993 Tour",0
2187,1993-01-03,"Tokyo Rose",Charlottesville,VA,USA,"1993 Tour",0
2219,1993-01-03,"Marriott Richmond",Richmond,VA,USA,"1993 Tour",0
2224,1993-01-03,"Old Cabell Hall (University of Virginia)",Charlottesville,VA,USA,"1993 Tour",0
2225,1993-01-03,"Lewis’",Norfolk,VA,USA,"1993 Tour",0
2232,1993-01-03,[Unknown],Lawrenceville,GA,USA,"1993 Tour",0
2242,1993-01-03,"Main Street Cafe",Charlottesville,VA,USA,"1993 Tour",0
2266,1993-01-03,"WVGO 106.5 FM",Richmond,VA,USA,"1993 Tour",0
2202,1993-01-02,"Riverside Amphitheater (The University of Alabama)",Tuscaloosa,AL,USA,"1993 Tour",0
2207,1993-01-02,"[Unknown] (College of Charleston)",Charleston,SC,USA,"1993 Tour",0
2209,1993-01-02,"[Unknown Fraternity] (Princeton University)",Princeton,NJ,USA,"1993 Tour",0
2211,1993-01-02,"William & Mary Hall (The College of William & Mary in Virginia)",Williamsburg,VA,USA,"1993 Tour",0
2214,1993-01-02,"Smith Banquet Hall (Randolph-Macon Woman's College)",Lynchburg,VA,USA,"1993 Tour",0
2215,1993-01-02,"Frank Day Field (Randolph-Macon College)",Ashland,VA,USA,"1993 Tour",0
2217,1993-01-02,"The Boathouse",Norfolk,VA,USA,"1993 Tour",0
2220,1993-01-02,[Unknown],Athens,GA,USA,"1993 Tour",0
2222,1993-01-02,"Max's on Broadway",Baltimore,MD,USA,"1993 Tour",0
2223,1993-01-02,"Broadway Square",Baltimore,MD,USA,"1993 Tour",0
2226,1993-01-02,"Town Point Park",Norfolk,VA,USA,"1993 Tour",0
2231,1993-01-02,Mug-Shots,Greenville,NC,USA,"1993 Tour",0
2236,1993-01-02,"Sigma Nu, Mu Chapter",Athens,GA,USA,"1993 Tour",0
2237,1993-01-02,"Myskyns Tavern",Charleston,SC,USA,"1993 Tour",0
2239,1993-01-02,"7 Willow Street","Port Chester",NY,USA,"1993 Tour",0
2245,1993-01-02,"Hardee's Walnut Creek Amphitheatre",Raleigh,NC,USA,"1993 Tour",0
2249,1993-01-02,"Lake Cheston Pavilion (The University of the South)",Sewanee,TN,USA,"1993 Tour",0
2254,1993-01-02,"Paramount Theatre",Denver,CO,USA,"1993 Tour",0
2256,1993-01-02,"Stage Stop",Rollinsville,CO,USA,"1993 Tour",0
2258,1993-01-02,"[Unknown] (The University of North Carolina at Chapel Hill)","Chapel Hill",NC,USA,"1993 Tour",0
2281,1993-01-02,[Unknown],Charlotte,NC,USA,"1993 Tour",0
5651,1993-01-02,[Unknown],"","",USA,"1993 Tour",0
5302,1992-12-31,"Kappa Sigma",Richmond,VA,USA,"1992 Tour",0
5301,1992-12-30,"Flood Zone",Richmond,VA,USA,"1992 Tour",0
5300,1992-12-29,Trax,Charlottesville,VA,USA,"1992 Tour",0
5299,1992-12-28,"Lewis’",Norfolk,VA,USA,"1992 Tour",0
5298,1992-12-27,"Tokyo Rose",Charlottesville,VA,USA,"1992 Tour",0
5297,1992-12-23,"Flood Zone",Richmond,VA,USA,"1992 Tour",0
5296,1992-12-22,Trax,Charlottesville,VA,USA,"1992 Tour",0
5295,1992-12-21,"The Bayou",Washington,DC,USA,"1992 Tour",0
5294,1992-12-20,"Tokyo Rose",Charlottesville,VA,USA,"1992 Tour",0
5293,1992-12-16,"Flood Zone",Richmond,VA,USA,"1992 Tour",0
5292,1992-12-15,Trax,Charlottesville,VA,USA,"1992 Tour",0
5291,1992-12-13,"Tokyo Rose",Charlottesville,VA,USA,"1992 Tour",0
5290,1992-12-11,"Joker's Pub & Restaurant",Harrisonburg,VA,USA,"1992 Tour",0
5289,1992-12-09,"Flood Zone",Richmond,VA,USA,"1992 Tour",0
5288,1992-12-08,Trax,Charlottesville,VA,USA,"1992 Tour",0
5287,1992-12-06,"Tokyo Rose",Charlottesville,VA,USA,"1992 Tour",0
5286,1992-12-05,[Unknown],Lexington,VA,USA,"1992 Tour",0
5285,1992-12-04,"Music Farm",Charleston,SC,USA,"1992 Tour",0
5284,1992-12-02,"Flood Zone",Richmond,VA,USA,"1992 Tour",0
5283,1992-12-01,Trax,Charlottesville,VA,USA,"1992 Tour",0
5282,1992-11-29,"Tokyo Rose",Charlottesville,VA,USA,"1992 Tour",0
5281,1992-11-28,"Lewis’",Norfolk,VA,USA,"1992 Tour",0
5280,1992-11-27,"The Bayou",Washington,DC,USA,"1992 Tour",0
5279,1992-11-25,"Flood Zone",Richmond,VA,USA,"1992 Tour",0
5278,1992-11-24,Trax,Charlottesville,VA,USA,"1992 Tour",0
5277,1992-11-22,Max,Charlottesville,VA,USA,"1992 Tour",0
5550,1992-11-22,"Tokyo Rose",Charlottesville,VA,USA,"1992 Tour",0
5276,1992-11-18,"Flood Zone",Richmond,VA,USA,"1992 Tour",0
5275,1992-11-17,Trax,Charlottesville,VA,USA,"1992 Tour",0
5274,1992-11-15,Trax,Charlottesville,VA,USA,"1992 Tour",0
5549,1992-11-15,"Tokyo Rose",Charlottesville,VA,USA,"1992 Tour",0
5273,1992-11-12,"Miller's Downtown",Charlottesville,VA,USA,"1992 Tour",0
5272,1992-11-11,"Flood Zone",Richmond,VA,USA,"1992 Tour",0
5271,1992-11-10,Trax,Charlottesville,VA,USA,"1992 Tour",0
5270,1992-11-08,"Tokyo Rose",Charlottesville,VA,USA,"1992 Tour",0
5269,1992-11-07,"Ziggy's Tavern",Winston-Salem,NC,USA,"1992 Tour",0
5268,1992-11-06,"[Unknown] (Hollins College)",Roanoke,VA,USA,"1992 Tour",0
5267,1992-11-04,"Flood Zone",Richmond,VA,USA,"1992 Tour",0
5266,1992-11-03,Trax,Charlottesville,VA,USA,"1992 Tour",0
5265,1992-11-02,[Unknown],"","",USA,"1992 Tour",0
5264,1992-11-01,"Tokyo Rose",Charlottesville,VA,USA,"1992 Tour",0
5263,1992-10-31,Trax,Charlottesville,VA,USA,"1992 Tour",0
5262,1992-10-29,Trax,Charlottesville,VA,USA,"1992 Tour",0
5261,1992-10-28,"Flood Zone",Richmond,VA,USA,"1992 Tour",0
5260,1992-10-27,Trax,Charlottesville,VA,USA,"1992 Tour",0
5259,1992-10-26,Trax,Charlottesville,VA,USA,"1992 Tour",0
5258,1992-10-25,"Tokyo Rose",Charlottesville,VA,USA,"1992 Tour",0
5257,1992-10-21,[Unknown],"","",USA,"1992 Tour",0
5256,1992-10-20,Trax,Charlottesville,VA,USA,"1992 Tour",0
5255,1992-10-18,"Tokyo Rose",Charlottesville,VA,USA,"1992 Tour",0
5254,1992-10-17,"Phi Gamma Delta, Lambda Deuteron Chapter (Dennison University)",Granville,OH,USA,"1992 Tour",0
5253,1992-10-16,"Fry's Spring Beach Club",Charlottesville,VA,USA,"1992 Tour",0
5252,1992-10-14,"Flood Zone",Richmond,VA,USA,"1992 Tour",0
5251,1992-10-13,Trax,Charlottesville,VA,USA,"1992 Tour",0
5250,1992-10-11,Trax,Charlottesville,VA,USA,"1992 Tour",0
5547,1992-10-11,"Tokyo Rose",Charlottesville,VA,USA,"1992 Tour",0
5249,1992-10-10,"Lambda Chi Alpha, Kappa-Eta Chapter (Hampden–Sydney College)",Hampden-Sydney,VA,USA,"1992 Tour",0
5248,1992-10-07,"Flood Zone",Richmond,VA,USA,"1992 Tour",0
5247,1992-10-06,Trax,Charlottesville,VA,USA,"1992 Tour",0
5246,1992-10-04,"The Prism Coffeehouse",Charlottesville,VA,USA,"1992 Tour",0
5546,1992-10-04,"Tokyo Rose",Charlottesville,VA,USA,"1992 Tour",0
5245,1992-10-03,"Kappa Sigma, Mu Chapter (Washington & Lee University)",Lexington,VA,USA,"1992 Tour",0
5244,1992-10-02,"Joker's Pub & Restaurant",Harrisonburg,VA,USA,"1992 Tour",0
5243,1992-09-30,"Flood Zone",Richmond,VA,USA,"1992 Tour",0
5242,1992-09-29,Trax,Charlottesville,VA,USA,"1992 Tour",0
5241,1992-09-27,"Tokyo Rose",Charlottesville,VA,USA,"1992 Tour",0
5240,1992-09-26,"La Niçoise",Washington,DC,USA,"1992 Tour",0
5239,1992-09-24,"The Bayou",Washington,DC,USA,"1992 Tour",0
5238,1992-09-23,"Flood Zone",Richmond,VA,USA,"1992 Tour",0
5237,1992-09-22,Trax,Charlottesville,VA,USA,"1992 Tour",0
5236,1992-09-20,"Van Riper's Lake",Afton,VA,USA,"1992 Tour",0
5545,1992-09-20,"Tokyo Rose",Charlottesville,VA,USA,"1992 Tour",0
5235,1992-09-19,"Phi Kappa Sigma, Beta Omicron Chapter (Virginia Polytechnic Institute & State University)",Blacksburg,VA,USA,"1992 Tour",0
5234,1992-09-16,"Flood Zone",Richmond,VA,USA,"1992 Tour",0
5544,1992-09-16,"Room 800 (Piedmont Virginia Community College)",Charlottesville,VA,USA,"1992 Tour",0
5233,1992-09-15,Trax,Charlottesville,VA,USA,"1992 Tour",0
5232,1992-09-13,"Tokyo Rose",Charlottesville,VA,USA,"1992 Tour",0
5231,1992-09-12,"Michie Building",Charlottesville,VA,USA,"1992 Tour",0
5230,1992-09-11,"Delta Kappa Epsilon, Eta Chapter",Charlottesville,VA,USA,"1992 Tour",0
5543,1992-09-11,"Chi Psi, Omicron Chapter",Charlottesville,VA,USA,"1992 Tour",0
5229,1992-09-09,"Flood Zone",Richmond,VA,USA,"1992 Tour",0
5228,1992-09-08,Trax,Charlottesville,VA,USA,"1992 Tour",0
5227,1992-09-06,"Tokyo Rose",Charlottesville,VA,USA,"1992 Tour",0
5226,1992-09-05,"Joker's Pub & Restaurant",Harrisonburg,VA,USA,"1992 Tour",0
5225,1992-09-04,"South Main Cafe",Blacksburg,VA,USA,"1992 Tour",0
5224,1992-09-02,"Flood Zone",Richmond,VA,USA,"1992 Tour",0
5223,1992-09-01,Trax,Charlottesville,VA,USA,"1992 Tour",0
5222,1992-08-30,"Tokyo Rose",Charlottesville,VA,USA,"1992 Tour",0
5542,1992-08-30,"Blue Ridge Brewing Company",Charlottesville,VA,USA,"1992 Tour",0
5221,1992-08-29,"The Bayou",Washington,DC,USA,"1992 Tour",0
5220,1992-08-28,"Ambler Cabaret",Ambler,PA,USA,"1992 Tour",0
5219,1992-08-26,"Flood Zone",Richmond,VA,USA,"1992 Tour",0
5218,1992-08-25,Trax,Charlottesville,VA,USA,"1992 Tour",0
5217,1992-08-23,"Tokyo Rose",Charlottesville,VA,USA,"1992 Tour",0
5541,1992-08-23,"Blue Ridge Brewing Company",Charlottesville,VA,USA,"1992 Tour",0
5216,1992-08-22,Trax,Charlottesville,VA,USA,"1992 Tour",0
5215,1992-08-21,"CBGB & OMFUG","New York",NY,USA,"1992 Tour",0
5214,1992-08-20,"Wetlands Preserve","New York",NY,USA,"1992 Tour",0
5213,1992-08-19,"Flood Zone",Richmond,VA,USA,"1992 Tour",0
5212,1992-08-18,Trax,Charlottesville,VA,USA,"1992 Tour",0
5211,1992-08-16,"Tokyo Rose",Charlottesville,VA,USA,"1992 Tour",0
5210,1992-08-15,"Classic Amphitheater at Strawberry Hill",Henrico,VA,USA,"1992 Tour",0
5209,1992-08-12,"Flood Zone",Richmond,VA,USA,"1992 Tour",0
5208,1992-08-11,Trax,Charlottesville,VA,USA,"1992 Tour",0
5207,1992-08-09,"Tokyo Rose",Charlottesville,VA,USA,"1992 Tour",0
5206,1992-08-07,"Mill Point Park",Hampton,VA,USA,"1992 Tour",0
5540,1992-08-07,"Lewis’",Norfolk,VA,USA,"1992 Tour",0
5205,1992-08-06,"The Bayou",Washington,DC,USA,"1992 Tour",0
5204,1992-08-05,"Flood Zone",Richmond,VA,USA,"1992 Tour",0
5203,1992-08-04,Trax,Charlottesville,VA,USA,"1992 Tour",0
5202,1992-07-31,Trax,Charlottesville,VA,USA,"1992 Tour",0
5539,1992-07-31,"Downtown Mall Amphitheater",Charlottesville,VA,USA,"1992 Tour",0
5201,1992-07-30,"23 East Cabaret",Ardmore,PA,USA,"1992 Tour",0
5200,1992-07-29,"Flood Zone",Richmond,VA,USA,"1992 Tour",0
5199,1992-07-28,Trax,Charlottesville,VA,USA,"1992 Tour",0
5198,1992-07-26,"Tokyo Rose",Charlottesville,VA,USA,"1992 Tour",0
5197,1992-07-24,"Ziggy's Tavern",Winston-Salem,NC,USA,"1992 Tour",0
5196,1992-07-23,"Joker's Pub & Restaurant",Harrisonburg,VA,USA,"1992 Tour",0
5195,1992-07-22,"Flood Zone",Richmond,VA,USA,"1992 Tour",0
5194,1992-07-21,Trax,Charlottesville,VA,USA,"1992 Tour",0
5193,1992-07-19,"Tokyo Rose",Charlottesville,VA,USA,"1992 Tour",0
5538,1992-07-19,"Blue Ridge Brewing Company",Charlottesville,VA,USA,"1992 Tour",0
5192,1992-07-18,"Chestnut Cabaret",Philadelphia,PA,USA,"1992 Tour",0
5191,1992-07-17,"Wetlands Preserve","New York",NY,USA,"1992 Tour",0
5190,1992-07-16,"South Main Cafe",Blacksburg,VA,USA,"1992 Tour",0
5189,1992-07-15,"Flood Zone",Richmond,VA,USA,"1992 Tour",0
5188,1992-07-14,Trax,Charlottesville,VA,USA,"1992 Tour",0
5187,1992-07-12,"Tokyo Rose",Charlottesville,VA,USA,"1992 Tour",0
5186,1992-07-11,"Peppermint Beach Club","Virginia Beach",VA,USA,"1992 Tour",0
5185,1992-07-10,"Atlantis Beach Club","Nags Head",NC,USA,"1992 Tour",0
5184,1992-07-09,"Lewis’",Norfolk,VA,USA,"1992 Tour",0
5183,1992-07-08,"Flood Zone",Richmond,VA,USA,"1992 Tour",0
5182,1992-07-07,Trax,Charlottesville,VA,USA,"1992 Tour",0
5181,1992-07-05,"Lime Kiln Arts Theater",Lexington,VA,USA,"1992 Tour",0
5537,1992-07-05,"Tokyo Rose",Charlottesville,VA,USA,"1992 Tour",0
5180,1992-07-04,"Brown's Island",Richmond,VA,USA,"1992 Tour",0
5536,1992-07-04,"Flood Zone",Richmond,VA,USA,"1992 Tour",0
5179,1992-07-03,"The Bayou",Washington,DC,USA,"1992 Tour",0
5178,1992-07-01,"Flood Zone",Richmond,VA,USA,"1992 Tour",0
5177,1992-06-30,Trax,Charlottesville,VA,USA,"1992 Tour",0
5176,1992-06-28,"Blue Ridge Brewing Company",Charlottesville,VA,USA,"1992 Tour",0
5175,1992-06-27,Trax,Charlottesville,VA,USA,"1992 Tour",0
5174,1992-06-24,"Flood Zone",Richmond,VA,USA,"1992 Tour",0
5173,1992-06-23,[Unknown],"","",USA,"1992 Tour",0
5172,1992-06-22,Trax,Charlottesville,VA,USA,"1992 Tour",0
5171,1992-06-17,"Flood Zone",Richmond,VA,USA,"1992 Tour",0
5170,1992-06-16,Trax,Charlottesville,VA,USA,"1992 Tour",0
5169,1992-06-14,"Blue Ridge Brewing Company",Charlottesville,VA,USA,"1992 Tour",0
5168,1992-06-13,"Atlantis Beach Club","Nags Head",NC,USA,"1992 Tour",0
5167,1992-06-12,"Lewis’",Norfolk,VA,USA,"1992 Tour",0
5166,1992-06-10,"Flood Zone",Richmond,VA,USA,"1992 Tour",0
5165,1992-06-09,Trax,Charlottesville,VA,USA,"1992 Tour",0
5164,1992-06-06,"The Bayou",Washington,DC,USA,"1992 Tour",0
5163,1992-06-05,"South Main Cafe",Blacksburg,VA,USA,"1992 Tour",0
5162,1992-06-03,"Flood Zone",Richmond,VA,USA,"1992 Tour",0
5161,1992-06-02,Trax,Charlottesville,VA,USA,"1992 Tour",0
5160,1992-05-30,"Flood Zone",Richmond,VA,USA,"1992 Tour",0
5159,1992-05-28,"The Bayou",Washington,DC,USA,"1992 Tour",0
5158,1992-05-27,"Flood Zone",Richmond,VA,USA,"1992 Tour",0
5157,1992-05-26,Trax,Charlottesville,VA,USA,"1992 Tour",0
5156,1992-05-24,"Blue Ridge Brewing Company",Charlottesville,VA,USA,"1992 Tour",0
5155,1992-05-23,"Kristen's house",Charlottesville,VA,USA,"1992 Tour",0
5154,1992-05-22,Trax,Charlottesville,VA,USA,"1992 Tour",0
5153,1992-05-21,"Ziggy's Tavern",Winston-Salem,NC,USA,"1992 Tour",0
5152,1992-05-20,"Flood Zone",Richmond,VA,USA,"1992 Tour",0
5151,1992-05-19,Trax,Charlottesville,VA,USA,"1992 Tour",0
5150,1992-05-16,Trax,Charlottesville,VA,USA,"1992 Tour",0
5535,1992-05-16,"Nameless Field (University of Virginia)",Charlottesville,VA,USA,"1992 Tour",0
5149,1992-05-15,"Downtown Mall Amphitheater",Charlottesville,VA,USA,"1992 Tour",0
5148,1992-05-14,Trax,Charlottesville,VA,USA,"1992 Tour",0
5147,1992-05-13,"Flood Zone",Richmond,VA,USA,"1992 Tour",0
5146,1992-05-12,"Atlantis Beach Club","Nags Head",NC,USA,"1992 Tour",0
5145,1992-05-11,"Atlantis Beach Club","Nags Head",NC,USA,"1992 Tour",0
5144,1992-05-10,"Tandem School",Charlottesville,VA,USA,"1992 Tour",0
5143,1992-05-09,"Red Square",Lexington,VA,USA,"1992 Tour",0
5142,1992-05-07,"Kilroy's",Greensboro,NC,USA,"1992 Tour",0
5141,1992-05-06,"Flood Zone",Richmond,VA,USA,"1992 Tour",0
5140,1992-05-05,"WTJU 91.1 FM",Charlottesville,VA,USA,"1992 Tour",0
5534,1992-05-05,Trax,Charlottesville,VA,USA,"1992 Tour",0
5139,1992-05-02,Trax,Charlottesville,VA,USA,"1992 Tour",0
5138,1992-05-01,"Joker's Pub & Restaurant",Harrisonburg,VA,USA,"1992 Tour",0
5137,1992-04-29,"Government Access Channel 10",Charlottesville,VA,USA,"1992 Tour",0
5136,1992-04-28,Trax,Charlottesville,VA,USA,"1992 Tour",0
5135,1992-04-24,"The Barracks Farm",Charlottesville,VA,USA,"1992 Tour",0
5134,1992-04-23,"Sigma Nu, Beta Chapter (University of Virginia)",Charlottesville,VA,USA,"1992 Tour",0
5133,1992-04-22,"Woodard Campus Center (Mary Washington College)",Fredericksburg,VA,USA,"1992 Tour",0
5132,1992-04-21,Trax,Charlottesville,VA,USA,"1992 Tour",0
5131,1992-04-18,"Flood Zone",Richmond,VA,USA,"1992 Tour",0
5130,1992-04-17,Trax,Charlottesville,VA,USA,"1992 Tour",0
5129,1992-04-14,Trax,Charlottesville,VA,USA,"1992 Tour",0
5128,1992-04-10,"Phi Kappa Psi, Virginia Alpha Chapter",Charlottesville,VA,USA,"1992 Tour",0
5127,1992-04-09,"Flood Zone",Richmond,VA,USA,"1992 Tour",0
5126,1992-04-07,Trax,Charlottesville,VA,USA,"1992 Tour",0
5125,1992-04-05,"Van Riper's Lake",Afton,VA,USA,"1992 Tour",0
5124,1992-04-04,"Flood Zone",Richmond,VA,USA,"1992 Tour",0
5123,1992-04-03,"Joker's Pub & Restaurant",Harrisonburg,VA,USA,"1992 Tour",0
5122,1992-03-31,Trax,Charlottesville,VA,USA,"1992 Tour",0
5121,1992-03-28,"The Underground (Mary Washington College)",Fredericksburg,VA,USA,"1992 Tour",0
5120,1992-03-25,"The Tavern (Boars Head Inn & Sports Club)",Charlottesville,VA,USA,"1992 Tour",0
5119,1992-03-24,Trax,Charlottesville,VA,USA,"1992 Tour",0
5118,1992-03-20,"Phillips Center Ballroom (James Madison University)",Harrisonburg,VA,USA,"1992 Tour",0
5117,1992-03-18,"The Tavern (Boars Head Inn & Sports Club)",Charlottesville,VA,USA,"1992 Tour",0
5116,1992-03-17,Trax,Charlottesville,VA,USA,"1992 Tour",0
5115,1992-03-14,"Miller's Downtown",Charlottesville,VA,USA,"1992 Tour",0
5533,1992-03-14,"2650 Club (Ivy Inn)",Charlottesville,VA,USA,"1992 Tour",0
5114,1992-03-13,"Miller's Downtown",Charlottesville,VA,USA,"1992 Tour",0
5113,1992-03-11,"The Tavern (Boars Head Inn & Sports Club)",Charlottesville,VA,USA,"1992 Tour",0
5112,1992-03-10,Trax,Charlottesville,VA,USA,"1992 Tour",0
5111,1992-03-06,"Live Arts",Charlottesville,VA,USA,"1992 Tour",0
5110,1992-03-04,"The Tavern (Boars Head Inn & Sports Club)",Charlottesville,VA,USA,"1992 Tour",0
5109,1992-03-03,Trax,Charlottesville,VA,USA,"1992 Tour",0
5108,1992-03-01,Trax,Charlottesville,VA,USA,"1992 Tour",0
5107,1992-02-26,Trax,Charlottesville,VA,USA,"1992 Tour",0
5106,1992-02-25,Trax,Charlottesville,VA,USA,"1992 Tour",0
5105,1992-02-22,"2650 Club (Ivy Inn)",Charlottesville,VA,USA,"1992 Tour",0
5104,1992-02-21,"The Jazz Club",Charlottesville,VA,USA,"1992 Tour",0
5103,1992-02-18,Trax,Charlottesville,VA,USA,"1992 Tour",0
5102,1992-02-16,Max,Charlottesville,VA,USA,"1992 Tour",0
5101,1992-02-14,Trax,Charlottesville,VA,USA,"1992 Tour",0
5532,1992-02-14,"The Jazz Club",Charlottesville,VA,USA,"1992 Tour",0
5100,1992-02-13,"Cole Hall (Bridgewater College)",Bridgewater,VA,USA,"1992 Tour",0
5099,1992-02-12,"The Tavern (Boars Head Inn & Sports Club)",Charlottesville,VA,USA,"1992 Tour",0
5098,1992-02-11,Trax,Charlottesville,VA,USA,"1992 Tour",0
5097,1992-02-07,"Joker's Pub & Restaurant",Harrisonburg,VA,USA,"1992 Tour",0
5096,1992-02-05,"The Tavern (Boars Head Inn & Sports Club)",Charlottesville,VA,USA,"1992 Tour",0
5095,1992-02-04,Trax,Charlottesville,VA,USA,"1992 Tour",0
5094,1992-02-01,"Miller's Downtown",Charlottesville,VA,USA,"1992 Tour",0
5093,1992-01-31,"Miller's Downtown",Charlottesville,VA,USA,"1992 Tour",0
5092,1992-01-30,Trax,Charlottesville,VA,USA,"1992 Tour",0
5091,1992-01-29,"Miller's Downtown",Charlottesville,VA,USA,"1992 Tour",0
5090,1992-01-28,Trax,Charlottesville,VA,USA,"1992 Tour",0
5089,1992-01-25,"2650 Club (Ivy Inn)",Charlottesville,VA,USA,"1992 Tour",0
5088,1992-01-23,"The Jazz Club",Charlottesville,VA,USA,"1992 Tour",0
5087,1992-01-22,"The Tavern (Boars Head Inn & Sports Club)",Charlottesville,VA,USA,"1992 Tour",0
5086,1992-01-21,Trax,Charlottesville,VA,USA,"1992 Tour",0
5085,1992-01-18,"2650 Club (Ivy Inn)",Charlottesville,VA,USA,"1992 Tour",0
5084,1992-01-17,"The Jazz Club",Charlottesville,VA,USA,"1992 Tour",0
5083,1992-01-15,"The Tavern (Boars Head Inn & Sports Club)",Charlottesville,VA,USA,"1992 Tour",0
5082,1992-01-14,Trax,Charlottesville,VA,USA,"1992 Tour",0
5081,1992-01-09,"The Jazz Club",Charlottesville,VA,USA,"1992 Tour",0
2124,1992-01-08,"The Tavern (Boars Head Inn & Sports Club)",Charlottesville,VA,USA,"1992 Tour",0
2125,1992-01-08,"Live Arts",Charlottesville,VA,USA,"1992 Tour",0
2127,1992-01-08,"2650 Club (Ivy Inn)",Charlottesville,VA,USA,"1992 Tour",0
2141,1992-01-08,"Tandem School",Charlottesville,VA,USA,"1992 Tour",0
2147,1992-01-08,"Blue Ridge Brewing Company",Charlottesville,VA,USA,"1992 Tour",0
2152,1992-01-08,"Tokyo Rose",Charlottesville,VA,USA,"1992 Tour",0
2158,1992-01-08,"Downtown Mall Amphitheater",Charlottesville,VA,USA,"1992 Tour",0
2166,1992-01-08,"Room 800 (Piedmont Virginia Community College)",Charlottesville,VA,USA,"1992 Tour",0
2170,1992-01-08,"The Prism Coffeehouse",Charlottesville,VA,USA,"1992 Tour",0
2177,1992-01-08,"Miller's Downtown",Charlottesville,VA,USA,"1992 Tour",0
2178,1992-01-08,Max,Charlottesville,VA,USA,"1992 Tour",0
5080,1992-01-07,Trax,Charlottesville,VA,USA,"1992 Tour",0
2126,1992-01-04,"Miller's Downtown",Charlottesville,VA,USA,"1992 Tour",0
2129,1992-01-04,"The Underground (Mary Washington College)",Fredericksburg,VA,USA,"1992 Tour",0
2133,1992-01-04,"Phi Kappa Psi, Virginia Alpha Chapter",Charlottesville,VA,USA,"1992 Tour",0
2134,1992-01-04,"Woodard Campus Center (Mary Washington College)",Fredericksburg,VA,USA,"1992 Tour",0
2135,1992-01-04,"Sigma Nu, Beta Chapter (University of Virginia)",Charlottesville,VA,USA,"1992 Tour",0
2136,1992-01-04,"The Barracks Farm",Charlottesville,VA,USA,"1992 Tour",0
2137,1992-01-04,"Government Access Channel 10",Charlottesville,VA,USA,"1992 Tour",0
2139,1992-01-04,"Kilroy's",Greensboro,NC,USA,"1992 Tour",0
2140,1992-01-04,"Red Square",Lexington,VA,USA,"1992 Tour",0
2142,1992-01-04,"Atlantis Beach Club","Nags Head",NC,USA,"1992 Tour",0
2143,1992-01-04,"Downtown Mall Amphitheater",Charlottesville,VA,USA,"1992 Tour",0
2144,1992-01-04,"Nameless Field (University of Virginia)",Charlottesville,VA,USA,"1992 Tour",0
2146,1992-01-04,"Kristen's house",Charlottesville,VA,USA,"1992 Tour",0
2149,1992-01-04,"South Main Cafe",Blacksburg,VA,USA,"1992 Tour",0
2153,1992-01-04,"Lime Kiln Arts Theater",Lexington,VA,USA,"1992 Tour",0
2154,1992-01-04,"Peppermint Beach Club","Virginia Beach",VA,USA,"1992 Tour",0
2155,1992-01-04,"Wetlands Preserve","New York",NY,USA,"1992 Tour",0
2156,1992-01-04,"Chestnut Cabaret",Philadelphia,PA,USA,"1992 Tour",0
2157,1992-01-04,"23 East Cabaret",Ardmore,PA,USA,"1992 Tour",0
2159,1992-01-04,"Mill Point Park",Hampton,VA,USA,"1992 Tour",0
2160,1992-01-04,"Classic Amphitheater at Strawberry Hill",Henrico,VA,USA,"1992 Tour",0
2161,1992-01-04,"CBGB & OMFUG","New York",NY,USA,"1992 Tour",0
2162,1992-01-04,"Ambler Cabaret",Ambler,PA,USA,"1992 Tour",0
2163,1992-01-04,"Chi Psi, Omicron Chapter",Charlottesville,VA,USA,"1992 Tour",0
2165,1992-01-04,"Michie Building",Charlottesville,VA,USA,"1992 Tour",0
2169,1992-01-04,"Kappa Sigma, Mu Chapter (Washington & Lee University)",Lexington,VA,USA,"1992 Tour",0
2171,1992-01-04,"Lambda Chi Alpha, Kappa-Eta Chapter (Hampden–Sydney College)",Hampden-Sydney,VA,USA,"1992 Tour",0
2173,1992-01-04,"Kirby Field House (Hampden-Sydney College)",Hampden-Sydney,VA,USA,"1992 Tour",0
2174,1992-01-04,"Fry's Spring Beach Club",Charlottesville,VA,USA,"1992 Tour",0
2175,1992-01-04,"Phi Gamma Delta, Lambda Deuteron Chapter (Dennison University)",Granville,OH,USA,"1992 Tour",0
2180,1992-01-04,[Unknown],Lexington,VA,USA,"1992 Tour",0
5609,1992-01-04,[Unknown],"","",USA,"1992 Tour",0
5524,1992-01-01,"",Charlottesville,VA,USA,"1992 Tour",0
5580,1992-01-01,"",Harrisonburg,VA,USA,"1992 Tour",0
5581,1992-01-01,"","VA
							
						
						 
						
						
						

						
					
					
				
			
			
				
					
											
						
						
						PosterAll media for this show (1)
							
						

						
						
						Thursday
						
							
						

						
						
							Total Song Time
							1 hour and 35 minutes and 20 seconds
							
						

						
						
							Avg Song Debut  
							08.05.1991
							
						

						
						
							Song Rarity Rank:
							12 of 47
							
							
						
						
						
						

						
						

                        
						
							Ticket Price
							$1
							
						
						
						
						
						
						
						

						
						
							Opening Act
							Birds with Wings
							
						

						
						

						
						
							Song Spread  
							Under the Table and Dreaming7  Cover Songs4  Crash3  Remember Two Things2  Boyd Tinsley - True Reflections1  
							
						

						

						
					
					
				
					
					
						
						
							
								
								
									
									
										
										
										
											Cry Freedom has traditionally been listed between Recently and Jimi Thing; however",we,USA,"1992 Tour",0
5079,1991-12-31,"Zipper's",Charlottesville,VA,USA,"1991 Tour",0
5529,1991-12-31,"First United Methodist Church",Charlottesville,VA,USA,"1991 Tour",0
5078,1991-12-28,"The Jazz Club",Charlottesville,VA,USA,"1991 Tour",0
5077,1991-12-27,Trax,Charlottesville,VA,USA,"1991 Tour",0
5076,1991-12-17,Trax,Charlottesville,VA,USA,"1991 Tour",0
5075,1991-12-14,"2650 Club (Ivy Inn)",Charlottesville,VA,USA,"1991 Tour",0
5074,1991-12-11,"Miller's Downtown",Charlottesville,VA,USA,"1991 Tour",0
5073,1991-12-10,Trax,Charlottesville,VA,USA,"1991 Tour",0
5072,1991-12-03,Trax,Charlottesville,VA,USA,"1991 Tour",0
5071,1991-11-29,"The Paramount Theater",Charlottesville,VA,USA,"1991 Tour",0
5070,1991-11-27,Trax,Charlottesville,VA,USA,"1991 Tour",0
5068,1991-11-23,"The Jazz Club",Charlottesville,VA,USA,"1991 Tour",0
5067,1991-11-19,Trax,Charlottesville,VA,USA,"1991 Tour",0
5066,1991-11-16,"Michie Building",Charlottesville,VA,USA,"1991 Tour",0
5065,1991-11-13,"Miller's Downtown",Charlottesville,VA,USA,"1991 Tour",0
5064,1991-11-12,Trax,Charlottesville,VA,USA,"1991 Tour",0
5063,1991-11-09,"2650 Club (Ivy Inn)",Charlottesville,VA,USA,"1991 Tour",0
5062,1991-11-05,Trax,Charlottesville,VA,USA,"1991 Tour",0
5061,1991-11-04,"Flood Zone",Richmond,VA,USA,"1991 Tour",0
5060,1991-11-01,"Valentino's Pub & Restaurant",Harrisonburg,VA,USA,"1991 Tour",0
5528,1991-11-01,"Miller's Downtown",Charlottesville,VA,USA,"1991 Tour",0
5059,1991-10-29,Trax,Charlottesville,VA,USA,"1991 Tour",0
5058,1991-10-26,"2650 Club (Ivy Inn)",Charlottesville,VA,USA,"1991 Tour",0
5057,1991-10-25,"The Jazz Club",Charlottesville,VA,USA,"1991 Tour",0
5054,1991-10-19,"Sigma Nu, Beta Chapter (University of Virginia)",Charlottesville,VA,USA,"1991 Tour",0
5527,1991-10-19,"2650 Club (Ivy Inn)",Charlottesville,VA,USA,"1991 Tour",0
5053,1991-10-15,Trax,Charlottesville,VA,USA,"1991 Tour",0
5052,1991-10-12,"The Jazz Club",Charlottesville,VA,USA,"1991 Tour",0
5051,1991-10-08,Trax,Charlottesville,VA,USA,"1991 Tour",0
5050,1991-10-05,"Sigma Chi, Alpha Tau Chapter","Chapel Hill",NC,USA,"1991 Tour",0
5049,1991-10-02,"Live Arts",Charlottesville,VA,USA,"1991 Tour",0
5048,1991-10-01,Trax,Charlottesville,VA,USA,"1991 Tour",0
5046,1991-09-13,"The Jazz Club",Charlottesville,VA,USA,"1991 Tour",0
5045,1991-09-11,"The Jazz Club",Charlottesville,VA,USA,"1991 Tour",0
5044,1991-09-05,"The Jazz Club",Charlottesville,VA,USA,"1991 Tour",0
5041,1991-08-28,"Gilmer Field (University of Virginia)",Charlottesville,VA,USA,"1991 Tour",0
5040,1991-08-27,"Eastern Standard Restaurant",Charlottesville,VA,USA,"1991 Tour",0
5039,1991-08-22,"Gypsy Hill Park",Staunton,VA,USA,"1991 Tour",0
5037,1991-08-20,"Eastern Standard Restaurant",Charlottesville,VA,USA,"1991 Tour",0
5036,1991-08-15,Trax,Charlottesville,VA,USA,"1991 Tour",0
5035,1991-08-13,"Eastern Standard Restaurant",Charlottesville,VA,USA,"1991 Tour",0
5034,1991-08-11,"Live Arts",Charlottesville,VA,USA,"1991 Tour",0
5033,1991-08-06,"Eastern Standard Restaurant",Charlottesville,VA,USA,"1991 Tour",0
5032,1991-07-31,"Eastern Standard Restaurant",Charlottesville,VA,USA,"1991 Tour",0
5031,1991-07-23,"Eastern Standard Restaurant",Charlottesville,VA,USA,"1991 Tour",0
5029,1991-06-18,"Miller's Downtown",Charlottesville,VA,USA,"1991 Tour",0
5028,1991-06-09,"Miller's Downtown",Charlottesville,VA,USA,"1991 Tour",0
5027,1991-06-02,"2650 Club (Ivy Inn)",Charlottesville,VA,USA,"1991 Tour",0
5526,1991-06-02,"Buford Middle School",Charlottesville,VA,USA,"1991 Tour",0
5026,1991-06-01,"Charlottesville Fashion Square",Charlottesville,VA,USA,"1991 Tour",0
5525,1991-05-30,"Miller's Downtown",Charlottesville,VA,USA,"1991 Tour",0
5024,1991-05-17,"The Prism Coffeehouse",Charlottesville,VA,USA,"1991 Tour",0
5023,1991-05-12,"Tandem School",Charlottesville,VA,USA,"1991 Tour",0
5022,1991-05-11,"South Street Warehouse",Charlottesville,VA,USA,"1991 Tour",0
5021,1991-04-21,"Downtown Mall Amphitheater",Charlottesville,VA,USA,"1991 Tour",0
5020,1991-04-09,"Miller's Downtown",Charlottesville,VA,USA,"1991 Tour",0
5018,1991-03-27,Trax,Charlottesville,VA,USA,"1991 Tour",0
5017,1991-03-26,"Miller's Downtown",Charlottesville,VA,USA,"1991 Tour",0
5523,1991-01-01,"",Charlottesville,VA,USA,"1991 Tour",0
5570,1991-01-01,"","but he did not guest at this show.DMB was likely the first band to perform. Others in the lineup",in,USA,"1991 Tour",0
5571,1991-01-01,"","a circulating copy of 9.20.91 is mislabeled as this show. However",it,USA,"1991 Tour",0
5572,1991-01-01,"",Staunton,VA,USA,"1991 Tour",0
5573,1991-01-01,"","VA
							
						
						 
						
						
						

						
					
					
				
			
			
				
					
											
						
						
						

						
						
						Sunday
						
							
						

						
						
							Total Song Time
							18 minutes and 59 seconds
							
						

						
						
							Avg Song Debut  
							05.10.1991
							
						

						
						
							Song Rarity Rank:
							9 of 9
							
							
						
						
						
						

						
						

                        
						
						
						
						
						
						
						

						
						

						
						

						
						
							Song Spread  
							Under the Table and Dreaming2  Remember Two Things1  
							
						

						

						
					
					
				
					
					
						
						
							
								
								
									
									
										
										
										
											This show is commonly mislabeled as the 5.11.91 show from South Street (Pink) Warehouse. However",it,USA,"1991 Tour",0
5574,1991-01-01,"","Alpha Tau Chapter	
							    Chapel Hill",NC,USA,"1991 Tour",0
5575,1991-01-01,"","Beta Chapter (University of Virginia)	
							    Charlottesville",VA,USA,"1991 Tour",0
5576,1991-01-01,"","VA
							
						
						 
						
						
						

						
					
					
				
			
			
				
					
											
						
						
						Newspaper                                                                                                                                                                                                                                                      All media for this show (3)
							
						

						
						
						Tuesday
						
							
						

						
						
							Total Song Time
							1 hour and 20 minutes and 44 seconds
							
						

						
						
							Avg Song Debut  
							07.12.1991
							
						

						
						
							Song Rarity Rank:
							6 of 9
							
							
						
						
						
						

						
						

                        
						
							Ticket Price
							$4
							
						
						
						
						
						
						
						

						
						

						
						

						
						
							Song Spread  
							Under the Table and Dreaming5  Cover Songs4  Remember Two Things3  Crash2  Unreleased2  
							
						

						

						
					
					
				
					
					
						
						
							
								
								
									
									
										
										
										
											This show is historically known as the date Ants Marching first debuted as ""No New Directions."" Although no live tapes exist containing the performance of Ants Marching",it,USA,"1991 Tour",0
5577,1991-01-01,"",Harrisonburg,VA,USA,"1991 Tour",0
5578,1991-01-01,"",Richmond,VA,USA,"1991 Tour",0
5579,1991-01-01,"","LeRoi and Carter guesting)Trax	
							    Charlottesville",VA,USA,"1991 Tour",0
