filename,yaml_name,model,tools,size_bytes,description
agent-warming/agent-prewarmer.md,agent-prewarmer,haiku,"Read, Grep, Glob",1318,Haiku worker that prewarms predicted agents before they're needed. Loads
agent-warming/project-context-analyzer.md,project-context-analyzer,haiku,"Read, Grep, Glob",1480,Haiku worker that analyzes project context to predict needed agents.
ai-ml/llm-cost-optimizer.md,llm-cost-optimizer,haiku,"Read, Grep, Glob",1726,"Lightweight specialist in LLM token usage optimization, caching strategies, model selection for cost"
ai-ml/ml-data-engineer.md,ml-data-engineer,sonnet,"Read, Write, Edit, Bash, Grep, Glob",1844,"Expert in ML feature engineering, data preprocessing, dataset management, and data quality for machi"
ai-ml/ml-monitoring-agent.md,ml-monitoring-agent,haiku,"Read, Write, Edit, Bash, Grep, Glob",2037,"Expert in ML model monitoring, drift detection, performance tracking, and alerting. Ensures producti"
batching/request-similarity-detector.md,request-similarity-detector,haiku,"Read, Grep, Glob",1267,Haiku worker that detects similar requests for batching. Groups requests
batching/result-distributor.md,result-distributor,opus,"Read, Grep, Glob",1073,Haiku worker that distributes batch results back to original requesters.
best-practices-enforcer.md,best-practices-enforcer,sonnet,"Read, Edit, Grep, Glob, Bash",3873,>
browser/apple-silicon-browser-optimizer.md,apple-silicon-browser-optimizer,haiku,"Read, Grep, Glob",6968,Bridge between browser agents and Apple Silicon engineering agents. Coordinates WebGPU→Metal optimiz
browser/chromium-feature-validator.md,chromium-feature-validator,sonnet,"Read, Grep, Glob",8909,"Haiku worker that validates Chrome 143+ feature usage, checks browser compatibility, and ensures gra"
browser/css-anchor-positioning-specialist.md,css-anchor-positioning-specialist,sonnet,"Read, Write, Edit, Grep, Glob",6800,"Expert in CSS anchor positioning for tooltips, popovers, dropdowns, and contextual overlays. Uses an"
browser/css-apple-silicon-optimizer.md,css-apple-silicon-optimizer,opus,"Read, Write, Edit, Bash, Grep, Glob",7501,Expert in CSS performance optimization for Apple Silicon Macs (M1/M2/M3/M4) with GPU-accelerated ani
browser/css-container-query-architect.md,css-container-query-architect,opus,"Read, Write, Edit, Grep, Glob",6900,"Expert in CSS container queries for component-level responsive design. Uses container-type, containe"
browser/css-modern-specialist.md,css-modern-specialist,sonnet,"Read, Write, Edit, Grep, Glob",9580,"Expert in Chrome 143+ CSS features including if(), @scope, nesting, scroll-driven animations, anchor"
browser/css-scroll-animation-specialist.md,css-scroll-animation-specialist,sonnet,"Read, Write, Edit, Grep, Glob",6581,"Expert in CSS scroll-driven animations, view() timeline, scroll() timeline, animation-range, and scr"
browser/devtools-mcp-specialist.md,devtools-mcp-specialist,sonnet,"Read, Write, Edit, Bash, Grep, Glob",17420,"Expert in Chrome DevTools MCP Server automation, AI-assisted debugging workflows, CDP v0.9.0 pattern"
browser/native-api-analyzer.md,native-api-analyzer,haiku,"Read, Grep, Glob",11210,Haiku worker that analyzes codebase for library usage that can be replaced with native browser APIs 
browser/pwa-advanced-specialist.md,pwa-advanced-specialist,sonnet,"Read, Write, Edit, Bash, Grep, Glob",12154,"Expert in advanced Chrome 143+ PWA capabilities beyond basic installability, including file handling"
browser/tailwind-v4-specialist.md,tailwind-v4-specialist,sonnet,"Read, Write, Edit, Bash, Grep, Glob, WebSearch",7763,"Expert in Tailwind CSS v4 with CSS-first configuration, @theme directive, native CSS nesting, Lightn"
browser/web-speech-specialist.md,web-speech-specialist,sonnet,"Read, Write, Edit, Bash, Grep, Glob",13547,"Expert in Web Speech API with contextual biasing, voice UI patterns, speech recognition optimization"
browser/webgpu-compute-specialist.md,webgpu-compute-specialist,opus,"Read, Write, Edit, Bash, Grep, Glob",13373,"Expert in WebGPU stable features including compute shaders, texture swizzle, and canvas acceleration"
bug-triager.md,bug-triager,sonnet,"Read, Grep, Glob, Bash",1513,>
cascading/cascade-optimizer.md,cascade-optimizer,haiku,"Task, Read, Write, Grep, Glob",3839,Haiku-tier agent that optimizes cascade decisions based on historical success rates and cost analysi
cascading/cascade-orchestrator.md,cascade-orchestrator,opus,"Task, Read, Write, Edit, Grep, Glob",6695,Haiku-tier orchestrator that manages tier cascading across the agent ecosystem for maximum cost effi
cascading/tier-cascader.md,tier-cascader,sonnet,"Read, Grep, Glob",3282,"Haiku worker that implements tier cascading - start with cheapest tier, escalate only if needed."
circuit-breaker/circuit-breaker-controller.md,circuit-breaker-controller,haiku,"Read, Grep, Glob",1320,Haiku worker that controls circuit breaker state transitions. Opens circuits
circuit-breaker/failure-rate-monitor.md,failure-rate-monitor,haiku,"Read, Grep, Glob",2834,Haiku worker that monitors agent failure rates and triggers circuit breaker
circuit-breaker/fallback-router.md,fallback-router,opus,"Read, Grep, Glob",1222,Haiku worker that routes requests to fallback agents when circuits are
code-generator.md,code-generator,sonnet,"Read, Edit, Grep, Glob, Bash",1628,>
compiler/agent-analyzer.md,agent-analyzer,haiku,"Read, Grep, Glob",3718,Haiku worker that performs static analysis on agent definitions to identify optimization opportuniti
compiler/agent-compiler-orchestrator.md,agent-compiler-orchestrator,opus,"Task, Read, Write, Edit, Bash, Grep, Glob",7704,Opus-tier meta-orchestrator that compiles agent definitions into optimized fast-path executables for
compiler/fast-path-generator.md,fast-path-generator,sonnet,"Task, Read, Write, Edit, Grep, Glob",4940,Sonnet-tier agent that generates optimized fast-paths for common agent execution patterns.
compression/adaptive-context-manager.md,adaptive-context-manager,haiku,"Task, Read, Write, Grep, Glob",3787,Haiku-tier agent that dynamically manages context compression based on task needs and token budgets.
compression/context-decompressor.md,context-decompressor,haiku,"Read, Grep, Glob",2597,Haiku worker that expands compressed context on-demand when full details are needed.
content/Copywriter.md,copywriter,sonnet,"Read, Write, Edit, Grep, Glob, WebSearch, WebFetch",21395,"Expert copywriter for persuasive marketing copy, conversion optimization,"
content/blog-writer.md,blog-writer,sonnet,"Read, Write, Edit, Grep, Glob, WebSearch, WebFetch",14718,Expert blog writer for technical and marketing content creation. Use
content/content-strategist.md,content-strategist,sonnet,"Read, Write, Edit, Grep, Glob, WebSearch, WebFetch",30100,"Expert content strategist for content planning, editorial calendars,"
content/social-media-manager.md,social-media-manager,sonnet,"Read, Write, Edit, Grep, Glob, WebSearch, WebFetch",24062,"Expert social media manager for multi-platform content strategy, community"
content/technical-documentation-writer.md,technical-documentation-writer,sonnet,"Read, Write, Edit, Grep, Glob",6215,"Expert technical writer for API documentation, README files, architecture"
data/data-analyst.md,data-analyst,haiku,"Read, Write, Bash, Grep, Glob, WebSearch",9466,"Expert data analyst for SQL queries, reporting, dashboards, and business"
data/data-scientist.md,data-scientist,haiku,"Read, Write, Edit, Bash, Grep, Glob, WebSearch",13878,"Expert data scientist for statistical analysis, predictive modeling,"
data/web-scraping-specialist.md,web-scraping-specialist,opus,"Read, Write, Edit, Bash, Grep, Glob, WebFetch, WebSearch",18793,"Expert in web scraping, data extraction, and automation. Specializes in Playwright, Puppeteer, Cheer"
debug/async-debugging-specialist.md,async-debugging-specialist,haiku,"Read, Write, Edit, Bash, Grep, Glob",9688,"Expert in debugging async JavaScript patterns including promises, async/await, generators, AsyncIter"
debug/chrome-devtools-debugger.md,chrome-devtools-debugger,haiku,"Read, Write, Edit, Bash, Grep, Glob",8586,"Expert Chrome DevTools debugger for performance profiling, memory analysis, network debugging, and C"
debug/console-devtools-specialist.md,console-devtools-specialist,haiku,"Read, Write, Edit, Bash, Grep, Glob",7575,"Expert in Chrome DevTools Console API, logging strategies, structured logging, console-based debuggi"
debug/css-debugger.md,css-debugger,haiku,"Read, Write, Edit, Grep, Glob",8325,"Expert CSS debugger for layout issues, specificity conflicts, cascade problems, animation bugs, and "
debug/error-boundary-specialist.md,error-boundary-specialist,sonnet,"Read, Write, Edit, Grep, Glob",9444,"Expert in error boundaries, error handling patterns, graceful degradation, React error boundaries, g"
debug/esm-cjs-compatibility-debugger.md,esm-cjs-compatibility-debugger,haiku,"Read, Write, Edit, Bash, Grep, Glob",8527,"Expert in debugging ESM/CommonJS interoperability issues, module resolution, package.json exports fi"
debug/indexeddb-debugger.md,indexeddb-debugger,sonnet,"Read, Write, Edit, Bash, Grep, Glob",9691,Expert in debugging IndexedDB and Dexie.js issues using Chrome DevTools.
debug/javascript-debugger.md,javascript-debugger,sonnet,"Read, Write, Edit, Bash, Grep, Glob",10530,"Expert JavaScript debugger for V8 engine internals, closures, async/await, promises, prototype chain"
debug/nodejs-debugger.md,nodejs-debugger,haiku,"Read, Write, Edit, Bash, Grep, Glob",12279,"Expert Node.js debugger for server-side issues, memory leaks, async problems, event loop blocking, p"
debug/pwa-debugger.md,pwa-debugger,haiku,"Read, Write, Edit, Bash, Grep, Glob",12943,"Expert PWA debugger for service worker issues, caching problems, offline behavior, installation fail"
debug/react-debugger.md,react-debugger,haiku,"Read, Write, Edit, Bash, Grep, Glob",9663,"Expert React/Next.js debugger for component issues, state management bugs, hydration errors, perform"
debug/source-map-debugger.md,source-map-debugger,haiku,"Read, Write, Edit, Bash, Grep, Glob",7688,"Expert in source map debugging, mapping issues, production debugging with source maps, sourceMapping"
debug/state-management-debugger.md,state-management-debugger,haiku,"Read, Write, Edit, Grep, Glob",9932,"Expert state management debugger for Zustand, Redux, React Context, and other state libraries with t"
dependency-analyzer.md,dependency-analyzer,haiku,"Read, Grep, Glob, Bash",1671,>
design/brand-designer.md,brand-designer,opus,"Read, Write, Grep, Glob, WebSearch",6745,"Expert brand designer for brand identity, visual guidelines, logo systems,"
design/creative-director.md,creative-director,haiku,"Read, Write, Edit, Grep, Glob, WebSearch",11740,"Senior creative leader overseeing brand campaigns, creative strategy, and visual direction. Speciali"
design/design-lead.md,design-lead,opus,"Read, Write, Edit, Grep, Glob, WebSearch",6132,"Design team orchestrator ensuring design consistency across UX, UI, and"
design/motion-designer.md,motion-designer,opus,"Read, Write, Edit, Grep, Glob",6975,"Expert motion designer for UI animations, micro-interactions, video graphics,"
design/ui-designer.md,ui-designer,opus,"Read, Write, Edit, Grep, Glob",7085,"Expert UI designer for visual design, component systems, typography,"
design/ux-designer.md,ux-designer,opus,"Read, Write, Grep, Glob, WebSearch",6729,"Expert UX designer for user flows, wireframes, information architecture,"
design/ux-researcher.md,ux-researcher,haiku,"Read, Write, Grep, Glob, WebSearch",6787,"Expert UX researcher for user interviews, usability testing, research"
design/web-designer.md,web-designer,opus,"Read, Write, Edit, Grep, Glob, WebSearch",11407,"Expert web designer specializing in responsive website design, landing pages, user interface design,"
devops/finops-specialist.md,finops-specialist,sonnet,"Read, Write, Edit, Bash, Grep, Glob",4508,"Expert in cloud cost optimization, FinOps practices, reserved instances, spot strategies, and cloud "
devops/gitops-agent.md,gitops-agent,sonnet,"Read, Write, Edit, Bash, Grep, Glob",4423,"Expert in GitOps practices, ArgoCD, Flux, declarative deployments, and infrastructure as code workfl"
devops/platform-engineer.md,platform-engineer,sonnet,"Read, Write, Edit, Bash, Grep, Glob",4732,"Expert in internal developer platforms, developer experience, self-service infrastructure, and platf"
dmb-analyst.md,dmb-analyst,sonnet,"Read, Grep, Glob, Bash",1993,>
dmb-brand-dna-expert.md,dmb-brand-dna-expert,haiku,"Read, Write, Edit, Grep, Glob, WebFetch, WebSearch",9370,"Dave Matthews Band brand identity expert for official brand guidelines,"
dmb-chromium-optimizer.md,dmb-chromium-optimizer,sonnet,"Read, Write, Edit, Bash, Grep, Glob",15488,"Optimizes DMB Almanac PWA for Chromium 143+ features including View Transitions,"
dmb-compound-orchestrator.md,dmb-compound-orchestrator,opus,"Read, Write, Edit, Bash, Grep, Glob, Task",24241,Coordinates complex multi-agent DMB Almanac workflows including scrape-validate-import
dmb-data-validator.md,dmb-data-validator,sonnet,"Read, Bash, Grep, Glob",13833,Validates scraped data quality and consistency for the DMB Almanac database.
dmb-dexie-architect.md,dmb-dexie-architect,opus,"Read, Write, Edit, Bash, Grep, Glob",26019,Dexie.js 4.x schema architect for DMB Almanac. Expert in offline-first
dmb-drizzle-unwinder.md,dmb-drizzle-unwinder,sonnet,"Read, Write, Edit, Bash, Grep, Glob",10135,Extracts and transforms data from Drizzle ORM schemas to Dexie.js-compatible
dmb-expert.md,dmb-expert,sonnet,"Read, Write, Edit, Bash, Grep, Glob, WebFetch, WebSearch",12168,"Dave Matthews Band knowledge expert for band history, members, discography,"
dmb-guest-appearance-checker.md,dmb-guest-appearance-checker,haiku,"Read, Grep, Glob",3352,Lightweight Haiku worker for validating guest appearance relationships.
dmb-guest-specialist.md,dmb-guest-specialist,haiku,"Read, Grep, Glob",9724,"Specializes in DMB guest musician tracking, instrument analysis, collaboration"
dmb-indexeddb-debugger.md,dmb-indexeddb-debugger,haiku,"Read, Write, Edit, Bash, Grep, Glob",16159,Deep IndexedDB debugging specialist for DMB Almanac. Expert in transaction
dmb-liberation-calculator.md,dmb-liberation-calculator,haiku,"Read, Grep, Glob",3827,Lightweight Haiku worker for validating liberation list calculations.
dmb-migration-coordinator.md,dmb-migration-coordinator,sonnet,"Read, Write, Edit, Bash, Grep, Glob, Task",14038,Coordinates end-to-end database migration from server-side ORMs (Drizzle/Prisma)
dmb-offline-first-architect.md,dmb-offline-first-architect,opus,"Read, Write, Edit, Bash, Grep, Glob, WebSearch",20015,Offline-first PWA architect for DMB Almanac. Expert in Chromium 143+
dmb-prisma-unwinder.md,dmb-prisma-unwinder,sonnet,"Read, Write, Edit, Bash, Grep, Glob",13510,Extracts and transforms data from Prisma ORM schemas to Dexie.js-compatible
dmb-pwa-debugger.md,dmb-pwa-debugger,haiku,"Read, Write, Edit, Bash, Grep, Glob",14516,"PWA debugging specialist for DMB Almanac. Expert in Service Worker issues,"
dmb-scraper-debugger.md,dmb-scraper-debugger,haiku,"Read, Write, Edit, Bash, Grep, Glob, WebFetch",13013,Debugging specialist for DMB Almanac scraper issues. Expert in Playwright/Cheerio
dmb-setlist-pattern-analyzer.md,dmb-setlist-pattern-analyzer,haiku,"Read, Grep, Glob, WebFetch",10765,"Analyzes DMB setlist patterns, segues, song placement trends, opener/closer"
dmb-setlist-validator.md,dmb-setlist-validator,sonnet,"Read, Grep, Glob",3209,Lightweight Haiku worker for validating setlist structure and integrity.
dmb-show-analyzer.md,dmb-show-analyzer,haiku,"Read, Grep, Glob, WebFetch",8790,"Performs deep analysis of individual DMB shows including rarity scoring,"
dmb-show-validator.md,dmb-show-validator,sonnet,"Read, Grep, Glob",2388,"Lightweight Haiku worker for validating show data integrity. Checks dates,"
dmb-song-stats-checker.md,dmb-song-stats-checker,haiku,"Read, Grep, Glob",2796,Lightweight Haiku worker for validating song statistics consistency.
dmb-sqlite-specialist.md,dmb-sqlite-specialist,opus,"Read, Write, Edit, Bash, Grep, Glob",17333,"SQLite optimization specialist for DMB Almanac. Expert in better-sqlite3,"
dmb-tour-optimizer.md,dmb-tour-optimizer,haiku,"Read, Grep, Glob, WebFetch",11291,"Optimizes hypothetical DMB tour routes using venue geography, capacity"
dmb-venue-consistency-checker.md,dmb-venue-consistency-checker,haiku,"Read, Grep, Glob",3077,Lightweight Haiku worker for finding venue duplicates and data issues.
dmb/live-show-analyzer.md,live-show-analyzer,haiku,"Read, Grep, Glob, WebFetch",5981,"Performs deep analysis of individual DMB shows including rarity scoring,"
dmb/setlist-pattern-analyzer.md,setlist-pattern-analyzer,haiku,"Read, Grep, Glob",3795,"Analyzes DMB setlist patterns, segues, song placement trends, opener/closer"
dmb/tour-route-optimizer.md,tour-route-optimizer,sonnet,"Read, Grep, Glob, WebFetch",5302,"Optimizes hypothetical DMB tour routes using venue geography, capacity"
dmbalmanac-scraper.md,dmbalmanac-scraper,haiku,"Read, Write, Edit, Bash, Grep, Glob, WebFetch, WebSearch",34064,Web scraping specialist for extracting data from dmbalmanac.com. Expert
dmbalmanac-site-expert.md,dmbalmanac-site-expert,opus,"Read, Write, Edit, Bash, Grep, Glob, WebFetch, WebSearch",26135,"Expert on dmbalmanac.com site structure, database schema, features, navigation,"
documentation-writer.md,documentation-writer,sonnet,"Read, Edit, Grep, Glob",1572,>
ecommerce/amazon-seller-specialist.md,amazon-seller-specialist,haiku,"Read, Write, Edit, Grep, Glob, WebSearch",14233,"Expert Amazon marketplace strategist. Specializes in product listings, FBA optimization, PPC adverti"
ecommerce/e-commerce-analyst.md,e-commerce-analyst,haiku,"Read, Write, Grep, Glob, WebSearch",41322,"Expert in e-commerce analytics, conversion optimization, and customer"
ecommerce/e-commerce-strategist.md,ecommerce-strategist,haiku,"Read, Write, Edit, Grep, Glob, WebSearch",13984,Strategic e-commerce leader coordinating multi-channel retail operations. Specializes in platform se
ecommerce/ecommerce-orchestrator.md,ecommerce-orchestrator,opus,"Read, Write, Edit, Grep, Glob, Task",9056,"Coordinates 6 marketplace agents (Amazon, Shopify, Etsy, Social Commerce,"
ecommerce/etsy-specialist.md,etsy-specialist,haiku,"Read, Write, Edit, Grep, Glob, WebSearch",13102,"Expert Etsy marketplace strategist. Specializes in handmade and vintage product optimization, Etsy S"
ecommerce/inventory-manager.md,inventory-manager,haiku,"Read, Grep, Glob",7939,"Manages inventory synchronization, stock level optimization, fulfillment"
ecommerce/pricing-strategist.md,pricing-strategist,sonnet,"Read, Grep, Glob, WebFetch, WebSearch",9878,"Provides dynamic pricing recommendations, competitive analysis, margin"
ecommerce/print-on-demand-specialist.md,print-on-demand-specialist,haiku,"Read, Write, Edit, Grep, Glob, WebSearch",13226,"Expert in POD product design, mockup creation, and fulfillment optimization. Specializes in Printful"
ecommerce/shopify-specialist.md,shopify-specialist,haiku,"Read, Write, Edit, Bash, Grep, Glob, WebSearch",13234,"Expert Shopify developer and store strategist. Specializes in store setup, theme customization, app "
ecommerce/social-commerce-specialist.md,social-commerce-specialist,haiku,"Read, Write, Edit, Grep, Glob, WebSearch",12418,"Expert in social media shopping and direct sales. Specializes in Instagram Shopping, Facebook Shops,"
engineering/accessibility-specialist.md,accessibility-specialist,opus,"Read, Write, Edit, Bash, Grep, Glob",14034,"A11y expertise for WCAG compliance, screen reader testing, keyboard navigation,"
engineering/ai-ml-engineer.md,ai-ml-engineer,haiku,"Read, Write, Edit, Bash, Grep, Glob, WebSearch",9733,"Expert AI/ML engineer for machine learning models, training pipelines,"
engineering/ai-video-production-engineer.md,ai-video-production-engineer,sonnet,"Read, Write, Edit, Bash, Grep, Glob",6971,"Expert in AI video generation pipelines using Google Veo, Imagen, RunwayML,"
engineering/api-architect.md,api-architect,opus,"Read, Write, Edit, Bash, Grep, Glob, WebSearch",8955,REST and GraphQL API design specialist complementing tRPC. Expert in
engineering/api-endpoint-mapper.md,api-endpoint-mapper,haiku,"Read, Grep, Glob",4727,Lightweight Haiku worker for extracting all API routes with methods and
engineering/apple-silicon-optimizer.md,apple-silicon-optimizer,opus,"Read, Write, Edit, Bash, Grep, Glob",20957,"Expert in M-series Apple Silicon optimization for macOS 26.2, including"
engineering/aria-pattern-finder.md,aria-pattern-finder,haiku,"Read, Grep, Glob",4751,Lightweight Haiku worker for detecting ARIA accessibility issues. Reports
engineering/batch-formatter.md,batch-formatter,haiku,"Bash, Glob",2465,Lightweight Haiku worker for applying formatting to multiple files. Reports
engineering/build-time-profiler.md,build-time-profiler,haiku,"Read, Grep, Glob",5010,Lightweight Haiku worker for analyzing build performance bottlenecks.
engineering/bundle-entry-analyzer.md,bundle-entry-analyzer,haiku,"Read, Grep, Glob",4826,Lightweight Haiku worker for analyzing bundle entry points and dependencies.
engineering/bundle-size-analyzer.md,bundle-size-analyzer,haiku,"Read, Write, Edit, Bash, Grep, Glob, WebSearch",15278,"Expert in JavaScript bundle analysis, tree-shaking optimization, code"
engineering/chromium-browser-expert.md,chromium-browser-expert,sonnet,"Read, Write, Edit, Bash, Grep, Glob, WebSearch",29753,"Expert in Chromium 2025 browser internals, cutting-edge DevTools, rendering"
engineering/cicd-pipeline-architect.md,cicd-pipeline-architect,opus,"Read, Write, Edit, Bash, Grep, Glob",17927,"Expert in strategic CI/CD pipeline design, DevOps automation, and deployment strategies. Specializes"
engineering/clarifying-questioner.md,clarifying-questioner,sonnet,"Read, Grep, Glob",2477,Lightweight Haiku worker for asking targeted clarifying questions. Helps
engineering/client-database-migration-specialist.md,client-database-migration-specialist,opus,"Read, Write, Edit, Bash, Grep, Glob",14872,"Expert in migrating from server-side databases (Drizzle, Prisma, TypeORM)"
engineering/cloud-platform-architect.md,cloud-platform-architect,opus,"Read, Write, Edit, Bash, Grep, Glob, WebSearch",17736,"Expert in multi-cloud architecture (AWS, GCP, Azure). Specializes in Infrastructure as Code, cloud-n"
engineering/code-pattern-matcher.md,code-pattern-matcher,haiku,"Grep, Glob",2391,Lightweight Haiku worker for finding code patterns using regex. Returns
engineering/code-reviewer.md,code-reviewer,sonnet,"Read, Grep, Glob",8261,"Expert code reviewer for quality, security, performance, and maintainability."
engineering/code-simplifier.md,code-simplifier,sonnet,"Read, Write, Edit, Bash, Grep, Glob",14865,Expert in reducing code complexity by leveraging Chromium 2025 native
engineering/codebase-health-monitor.md,codebase-health-monitor,sonnet,"Read, Write, Edit, Bash, Grep, Glob, Task",7061,"Continuous codebase health monitoring using parallel Haiku workers. Tracks metrics over time, detect"
engineering/complexity-calculator.md,complexity-calculator,haiku,"Read, Grep, Glob",3801,Lightweight Haiku worker for calculating cyclomatic complexity per function.
engineering/component-prop-validator.md,component-prop-validator,sonnet,"Read, Grep, Glob",4559,"Lightweight Haiku worker for finding unused, untyped, or undocumented"
engineering/core-ml-optimization-expert.md,coreml-optimization-expert,sonnet,"Read, Write, Edit, Bash, Grep, Glob, WebSearch",17740,"Expert in Core ML model optimization, conversion from PyTorch/TensorFlow/ONNX,"
engineering/cross-platform-pwa-specialist.md,cross-platform-pwa-specialist,haiku,"Read, Write, Edit, Grep, Glob, Bash, WebSearch",30973,"Expert in platform-specific PWA behaviors, iOS limitations/workarounds,"
engineering/css-specificity-checker.md,css-specificity-checker,haiku,"Read, Grep, Glob",4599,Lightweight Haiku worker for detecting CSS specificity problems. Reports
engineering/d3-visualization-expert.md,d3-visualization-expert,sonnet,"Read, Write, Edit, Grep, Glob",16250,Expert in interactive data visualization with D3.js and Recharts. Specializes
engineering/data-streaming-specialist.md,data-streaming-specialist,opus,"Read, Write, Edit, Bash, Grep, Glob, WebSearch",17302,"Expert in Apache Kafka, event streaming architecture, event sourcing,"
engineering/database-architect.md,database-architect,opus,"Read, Write, Edit, Bash, Grep, Glob",16752,"Expert in database design, modeling, and architecture. Specializes in schema design, normalization, "
engineering/database-migration-specialist.md,database-migration-specialist,sonnet,"Read, Write, Edit, Bash, Grep, Glob, WebSearch",17414,"Expert in database migrations, schema evolution, zero-downtime deployments, cross-database migration"
engineering/database-specialist.md,database-specialist,opus,"Read, Write, Edit, Bash, Grep, Glob, WebSearch",9246,"Beyond Prisma - raw SQL optimization, query tuning, database administration,"
engineering/dead-code-detector.md,dead-code-detector,haiku,"Read, Grep, Glob",4915,Lightweight Haiku worker for finding unreachable and unused code blocks.
engineering/dead-doc-finder.md,dead-doc-finder,haiku,"Read, Grep, Glob",4882,Lightweight Haiku worker for finding documentation referencing non-existent
engineering/dependency-checker.md,dependency-checker,haiku,"Bash, Glob",2597,Lightweight Haiku worker for checking dependency versions and installation
engineering/design-token-validator.md,design-token-validator,opus,"Read, Grep, Glob",5111,Lightweight Haiku worker for validating design token usage. Reports hardcoded
engineering/devils-advocate.md,devils-advocate,opus,"Read, Grep, Glob",11219,"Expert in challenging solutions, finding weaknesses, stress-testing ideas,"
engineering/devops-engineer.md,devops-engineer,sonnet,"Read, Write, Edit, Bash, Grep, Glob, WebSearch",9947,"Expert DevOps engineer for CI/CD pipelines, infrastructure as code, containerization,"
engineering/devtools-mcp-integration-specialist.md,devtools-mcp-integration-specialist,sonnet,"Read, Write, Edit, Bash, Grep, Glob",17598,"Expert in Chrome DevTools MCP Server automation, AI-assisted debugging"
engineering/dexie-database-architect.md,dexie-database-architect,opus,"Read, Write, Edit, Bash, Grep, Glob",10061,"Expert in Dexie.js 4.x schema design, TypeScript integration, version"
engineering/dexie-react-integration-specialist.md,dexie-react-integration-specialist,sonnet,"Read, Write, Edit, Grep, Glob",11807,Expert in integrating Dexie.js with React using modern patterns. Specializes
engineering/docker-container-specialist.md,docker-container-specialist,opus,"Read, Write, Edit, Bash, Grep, Glob",13405,"Expert in container optimization, Docker Compose, and image management. Specializes in Dockerfile be"
engineering/dockerfile-linter.md,dockerfile-linter,haiku,"Read, Grep, Glob",5065,Lightweight Haiku worker for checking Dockerfile best practices. Reports
engineering/docstring-checker.md,docstring-checker,haiku,"Read, Grep, Glob",4523,Lightweight Haiku worker for finding functions and classes missing documentation.
engineering/engineering-manager.md,engineering-manager,sonnet,"Read, Write, Edit, Bash, Grep, Glob",9026,Engineering team orchestrator that bridges System Architect and individual
engineering/env-var-auditor.md,env-var-auditor,opus,"Read, Grep, Glob",4581,Lightweight Haiku worker for finding undocumented or unused environment
engineering/expert-planner.md,expert-planner,opus,"Read, Grep, Glob, WebSearch",9284,Strategic technical planner specializing in breaking complex projects
engineering/feature-flags-specialist.md,feature-flags-specialist,opus,"Read, Write, Edit, Bash, Grep, Glob",19364,"Expert in feature flag architecture, progressive rollouts, A/B testing"
engineering/fedcm-identity-specialist.md,fedcm-identity-specialist,sonnet,"Read, Write, Edit, Bash, Grep, Glob",19855,"Expert in Federated Credential Management (FedCM) API, identity provider"
engineering/file-pattern-finder.md,file-pattern-finder,haiku,"Glob, Grep",2074,Lightweight Haiku worker for finding files matching glob patterns. Returns
engineering/first-principles-thinker.md,first-principles-thinker,sonnet,"Read, Grep, Glob",9196,"Expert in breaking problems down to fundamental truths, challenging assumptions,"
engineering/full-stack-auditor.md,full-stack-auditor,opus,"Read, Write, Edit, Bash, Grep, Glob, Task",6184,Orchestrates comprehensive codebase audits using parallel Haiku workers. Correlates findings across 
engineering/full-stack-developer.md,full-stack-developer,sonnet,"Read, Write, Edit, Bash, Grep, Glob",7910,Versatile full-stack developer for end-to-end feature implementation
engineering/go-backend-specialist.md,go-backend-specialist,opus,"Read, Write, Edit, Bash, Grep, Glob",13396,"Expert in Go microservices, APIs, and cloud-native development. Specializes in Gin/Echo frameworks, "
engineering/google-apis-specialist.md,google-apis-specialist,sonnet,"Read, Write, Edit, Bash, Grep, Glob, WebSearch",28535,"Expert in Google Cloud APIs, Workspace APIs, Firebase, Google AI APIs"
engineering/graphql-query-analyzer.md,graphql-query-analyzer,haiku,"Read, Grep, Glob",4882,Lightweight Haiku worker for detecting GraphQL performance issues. Reports
engineering/grpc-service-analyzer.md,grpc-service-analyzer,haiku,"Read, Grep, Glob",5258,Lightweight Haiku worker for analyzing gRPC service definitions. Reports
engineering/gtag-event-validator.md,gtag-event-validator,sonnet,"Read, Grep, Glob",5484,Lightweight Haiku worker for validating analytics event tracking. Reports
engineering/i18n-specialist.md,i18n-specialist,haiku,"Read, Write, Edit, Grep, Glob, WebSearch",11900,"Expert in internationalization (i18n), localization (l10n), translation"
engineering/i18n-string-extractor.md,i18n-string-extractor,haiku,"Read, Grep, Glob",3592,Lightweight Haiku worker for finding hardcoded strings missing i18n wrappers.
engineering/import-analyzer.md,import-analyzer,haiku,"Read, Grep, Glob",2743,Lightweight Haiku worker for analyzing import statements in files. Reports
engineering/indexeddb-performance-specialist.md,indexeddb-performance-specialist,sonnet,"Read, Write, Edit, Bash, Grep, Glob",12049,"Expert in IndexedDB and Dexie.js performance optimization, bulk operations,"
engineering/indexeddb-storage-specialist.md,indexeddb-storage-specialist,haiku,"Read, Write, Edit, Bash, Grep, Glob",27443,"IndexedDB schema design, Dexie.js 4.x patterns, Cache API optimization,"
engineering/json-feed-validator.md,json-feed-validator,sonnet,"Read, Grep, Glob",5306,Lightweight Haiku worker for validating JSON/RSS/Atom feeds. Reports
engineering/lighthouse-webvitals-expert.md,lighthouse-webvitals-expert,haiku,"Read, Bash, Grep, Glob, WebSearch",23561,"Performance MEASUREMENT specialist for Lighthouse audits, Core Web Vitals"
engineering/llm-application-architect.md,llm-application-architect,opus,"Read, Write, Edit, Bash, Grep, Glob, WebSearch",17635,"Expert in LLM-powered application design and architecture. Specializes in RAG systems, prompt engine"
engineering/macos-system-expert.md,macos-system-expert,sonnet,"Read, Write, Edit, Bash, Grep, Glob",19803,"Expert in macOS 26.2 (Sequoia) system APIs, frameworks, security features,"
engineering/manifest-validator.md,manifest-validator,sonnet,"Read, Grep, Glob",4933,Lightweight Haiku worker for validating web app manifest files. Reports
engineering/memory-leak-detective.md,memory-leak-detective,haiku,"Read, Write, Edit, Bash, Grep, Glob",16004,"Expert in detecting and fixing JavaScript memory leaks, heap analysis,"
engineering/microservices-architect.md,microservices-architect,opus,"Read, Grep, Glob, WebSearch",10923,"Expert microservices architect for service decomposition, inter-service"
engineering/migration-specialist.md,migration-specialist,sonnet,"Read, Write, Edit, Bash, Grep, Glob",8744,"Expert in framework migrations, major version upgrades, breaking changes,"
engineering/mobile-engineer.md,mobile-engineer,sonnet,"Read, Write, Edit, Bash, Grep, Glob",9466,"Expert mobile engineer for iOS and Android development, React Native,"
engineering/mobile-viewport-checker.md,mobile-viewport-checker,haiku,"Read, Grep, Glob",4667,Lightweight Haiku worker for finding mobile responsiveness issues. Reports
engineering/mongodb-specialist.md,mongodb-specialist,opus,"Read, Write, Edit, Bash, Grep, Glob, WebSearch",15908,"Expert in MongoDB database design, aggregation pipelines, indexing strategies, and NoSQL architectur"
engineering/monorepo-tooling-specialist.md,monorepo-tooling-specialist,sonnet,"Read, Write, Edit, Bash, Grep, Glob, WebSearch",9355,"Expert in monorepo tooling with Turborepo, Nx, pnpm workspaces, npm workspaces, task caching, remote"
engineering/n-plus-one-detector.md,n-plus-one-detector,haiku,"Read, Grep, Glob",4300,Lightweight Haiku worker for finding N+1 query patterns in ORM code.
engineering/neural-engine-specialist.md,neural-engine-specialist,sonnet,"Read, Write, Edit, Bash, Grep, Glob",17117,Expert in Apple Neural Engine (ANE) optimization for on-device ML inference
engineering/nextauth-security-specialist.md,nextauth-security-specialist,sonnet,"Read, Write, Edit, Bash, Grep, Glob",15473,"Expert in NextAuth.js authentication configuration, OAuth providers,"
engineering/npm-ecosystem-specialist.md,npm-ecosystem-specialist,sonnet,"Read, Write, Edit, Bash, Grep, Glob, WebSearch",8911,"Expert in npm ecosystem management, package.json optimization, dependency trees, resolution strategi"
engineering/npm-security-auditor.md,npm-security-auditor,opus,"Read, Write, Edit, Bash, Grep, Glob",7896,"Expert in npm security auditing, vulnerability scanning, CVE tracking, dependency risk assessment, s"
engineering/npx-automation-specialist.md,npx-automation-specialist,haiku,"Read, Write, Edit, Bash, Grep, Glob",6517,"Expert in npx usage patterns, CLI tool execution, create-* templates, scaffolding, npx caching, regi"
engineering/observability-architect.md,observability-architect,opus,"Read, Write, Edit, Bash, Grep, Glob, WebSearch",13892,"Expert observability architect for OpenTelemetry, metrics/logs/traces"
engineering/offline-capability-detector.md,offline-capability-detector,haiku,"Read, Grep, Glob",5363,Lightweight Haiku worker for detecting missing offline fallbacks and
engineering/offline-sync-specialist.md,offline-sync-specialist,opus,"Read, Write, Edit, Bash, Grep, Glob",30012,"Background Sync API, Periodic Background Sync, Web Locks API, optimistic"
engineering/performance-optimizer.md,performance-optimizer,sonnet,"Read, Write, Edit, Bash, Grep, Glob",37259,"Expert in Chromium 2025 performance optimization using Speculation Rules,"
engineering/permission-auditor.md,permission-auditor,opus,"Read, Grep, Glob",4840,Lightweight Haiku worker for finding overly permissive file and API permissions.
engineering/playwright-automation-specialist.md,playwright-automation-specialist,sonnet,"Read, Write, Edit, Bash, Grep, Glob",7403,"Expert in Playwright browser automation, web scraping, selector debugging,"
engineering/prisma-schema-architect.md,prisma-schema-architect,opus,"Read, Write, Edit, Bash, Grep, Glob",5952,"Expert database architect specializing in Prisma ORM schema design, migrations,"
engineering/problem-decomposer.md,problem-decomposer,opus,"Read, Grep, Glob",8998,Expert in breaking complex problems into manageable pieces using divide-and-conquer
engineering/push-notification-specialist.md,push-notification-specialist,sonnet,"Read, Write, Edit, Grep, Glob, Bash, WebSearch",21227,"Expert in Web Push Protocol, VAPID keys, notification payloads, permission"
engineering/pwa-analytics-specialist.md,pwa-analytics-specialist,haiku,"Read, Write, Edit, Bash, Grep, Glob",30075,"PWA-specific metrics tracking including install rates, offline usage,"
engineering/pwa-build-specialist.md,pwa-build-specialist,opus,"Read, Write, Edit, Bash, Grep, Glob",25990,"PWA-optimized bundling with VitePWA, next-pwa, code splitting for offline,"
engineering/pwa-devtools-debugger.md,pwa-devtools-debugger,sonnet,"Read, Write, Edit, Bash, Grep, Glob",19850,"Chrome DevTools Application panel mastery, Service Worker debugging,"
engineering/pwa-security-specialist.md,pwa-security-specialist,opus,"Read, Write, Edit, Bash, Grep, Glob",33831,"HTTPS configuration, CSP for PWAs, secure storage, WebAuthn/Passkeys,"
engineering/pwa-specialist.md,pwa-specialist,sonnet,"Read, Write, Edit, Bash, Grep, Glob",15027,"Expert in Progressive Web App development including Service Workers,"
engineering/pwa-testing-specialist.md,pwa-testing-specialist,sonnet,"Read, Write, Edit, Bash, Grep, Glob",25326,"PWA-specific testing expert for offline behavior, service worker mocking,"
engineering/pwa-web-audio-engineer.md,pwa-web-audio-engineer,sonnet,"Read, Write, Edit, Bash, Grep, Glob",15710,Expert in Progressive Web Apps and Web Audio API development. Specializes
engineering/python-backend-specialist.md,python-backend-specialist,opus,"Read, Write, Edit, Bash, Grep, Glob",16516,"Expert in Python web backends, APIs, and automation. Specializes in FastAPI, Django, Flask, async pa"
engineering/python-ml-pipeline-engineer.md,python-ml-pipeline-engineer,sonnet,"Read, Write, Edit, Bash, Grep, Glob",11489,"Expert Python engineer specializing in ML pipelines, data processing,"
engineering/react-hook-linter.md,react-hook-linter,haiku,"Read, Grep, Glob",4342,Lightweight Haiku worker for detecting React hook violations and dependency
engineering/readme-section-validator.md,readme-section-validator,sonnet,"Read, Grep, Glob",4504,Lightweight Haiku worker for checking README has required sections. Reports
engineering/real-time-systems-specialist.md,realtime-systems-specialist,opus,"Read, Write, Edit, Bash, Grep, Glob, WebSearch",15576,"Expert in WebSocket architecture, real-time synchronization, live features,"
engineering/redis-cache-specialist.md,redis-cache-specialist,opus,"Read, Write, Edit, Bash, Grep, Glob, WebSearch",16456,"Expert in Redis, caching strategies, and in-memory data stores. Specializes in cache architecture, s"
engineering/refactoring-guru.md,refactoring-guru,sonnet,"Read, Write, Edit, Grep, Glob",12380,Expert in systematic code improvement using established refactoring patterns
engineering/release-validator.md,release-validator,sonnet,"Read, Write, Edit, Bash, Grep, Glob, Task",6938,"Pre-release validation pipeline that runs comprehensive checks before deployment. Validates tests, b"
engineering/render-perf-checker.md,render-perf-checker,haiku,"Read, Grep, Glob",5547,Lightweight Haiku worker for finding React re-render issues. Reports
engineering/rest-endpoint-validator.md,rest-endpoint-validator,sonnet,"Read, Grep, Glob",5513,Lightweight Haiku worker for validating REST API endpoint consistency.
engineering/rubber-duck-debugger.md,rubber-duck-debugger,haiku,"Read, Grep, Glob",8534,Guided debugging assistant that helps developers think through problems
engineering/runtime-error-diagnostician.md,runtime-error-diagnostician,haiku,"Read, Write, Edit, Bash, Grep, Glob",15025,"Expert in diagnosing JavaScript/TypeScript runtime errors, stack trace"
engineering/schema-pattern-finder.md,schema-pattern-finder,haiku,"Read, Grep, Glob",2968,Lightweight Haiku worker for finding database schema references and Prisma
engineering/schema-validation-checker.md,schema-validation-checker,sonnet,"Read, Grep, Glob",4622,Lightweight Haiku worker for verifying runtime schemas match type definitions.
engineering/secret-scanner.md,secret-scanner,haiku,"Read, Grep, Glob",3370,"Lightweight Haiku worker for finding hardcoded credentials, API keys,"
engineering/security-engineer.md,security-engineer,sonnet,"Read, Write, Edit, Bash, Grep, Glob",9704,"Expert security engineer for security audits, vulnerability assessment,"
engineering/senior-backend-engineer.md,senior-backend-engineer,opus,"Read, Write, Edit, Bash, Grep, Glob",7558,"Expert backend engineer for API design, database architecture, server-side"
engineering/senior-frontend-engineer.md,senior-frontend-engineer,sonnet,"Read, Write, Edit, Bash, Grep, Glob",9376,"Expert frontend engineer for React, Vue, TypeScript UI development, component"
engineering/seo-meta-checker.md,seo-meta-checker,sonnet,"Read, Grep, Glob",5360,Lightweight Haiku worker for validating SEO meta tags and structured
engineering/shadcn-ui-component-developer.md,shadcn-ui-component-developer,opus,"Read, Write, Edit, Bash, Grep, Glob",10163,"Expert in rapid UI development with shadcn/ui, Radix primitives, and"
engineering/simple-validator.md,simple-validator,sonnet,"Bash, Grep, Glob",2382,Lightweight Haiku worker for running quick validation checks. Returns
engineering/sql-injection-detector.md,sql-injection-detector,haiku,"Read, Grep, Glob",4689,Lightweight Haiku worker for finding SQL injection vulnerability patterns.
engineering/sqlite-data-pipeline-specialist.md,sqlite-data-pipeline-specialist,sonnet,"Read, Write, Edit, Bash, Grep, Glob",10467,"Expert in SQLite optimization, better-sqlite3 for Node.js, data transformation"
engineering/swift-metal-performance-engineer.md,swift-metal-performance-engineer,sonnet,"Read, Write, Edit, Bash, Grep, Glob",22413,"Expert in Metal GPU programming, shader optimization, and high-performance"
engineering/system-architect.md,system-architect,opus,"Read, Grep, Glob, WebSearch",8794,"Senior system architect for high-level architecture decisions, system"
engineering/tailwind-config-auditor.md,tailwind-config-auditor,opus,"Read, Grep, Glob",5366,Lightweight Haiku worker for validating Tailwind configuration. Reports
engineering/task-router.md,task-router,haiku,"Read, Grep, Glob",6832,Intelligent task routing agent that analyzes requests and selects optimal specialist agents. Prevent
engineering/test-coverage-gap-finder.md,test-coverage-gap-finder,haiku,"Read, Grep, Glob",3485,Lightweight Haiku worker for finding code paths without tests. Reports
engineering/test-file-finder.md,test-file-finder,haiku,"Read, Grep, Glob",3058,Lightweight Haiku worker for finding test files related to source files.
engineering/trpc-api-architect.md,trpc-api-architect,opus,"Read, Write, Edit, Bash, Grep, Glob",6828,Expert in tRPC API design for Next.js applications with React Query integration.
engineering/type-inconsistency-finder.md,type-inconsistency-finder,haiku,"Read, Grep, Glob",4989,Lightweight Haiku worker for finding type mismatches and unsafe casts.
engineering/typescript-type-wizard.md,typescript-type-wizard,haiku,"Read, Write, Edit, Bash, Grep, Glob",10434,"Expert in advanced TypeScript patterns, complex generics, type inference"
engineering/unused-export-finder.md,unused-export-finder,haiku,"Read, Grep, Glob",3488,Lightweight Haiku worker for finding exports never imported anywhere.
engineering/vector-database-specialist.md,vector-database-specialist,haiku,"Read, Write, Edit, Bash, Grep, Glob",13907,"Expert in vector storage, semantic search, and RAG infrastructure. Specializes in Pinecone, Weaviate"
engineering/vitest-testing-specialist.md,vitest-testing-specialist,sonnet,"Read, Write, Edit, Bash, Grep, Glob",14964,Expert in Vitest testing for modern JavaScript/TypeScript projects. Specializes
engineering/web-manifest-expert.md,web-manifest-expert,haiku,"Read, Write, Edit, Bash, Grep, Glob",27073,"Web App Manifest optimization, icon generation pipelines, platform-specific"
engineering/web-speech-recognition-expert.md,web-speech-recognition-expert,sonnet,"Read, Write, Edit, Bash, Grep, Glob",23055,"Expert in Web Speech API with contextual biasing, voice UI patterns,"
engineering/webpack-config-linter.md,webpack-config-linter,haiku,"Read, Grep, Glob",4929,Lightweight Haiku worker for validating build tool configurations. Reports
engineering/workbox-serviceworker-expert.md,workbox-serviceworker-expert,haiku,"Read, Write, Edit, Bash, Grep, Glob",24126,"Advanced Workbox 7+ patterns, build tooling integration (Vite, Next.js,"
engineering/xcode-build-optimizer.md,xcode-build-optimizer,sonnet,"Read, Write, Edit, Bash, Grep, Glob",18089,"Expert in Xcode 17 build system optimization, Swift compilation performance,"
engineering/xss-pattern-finder.md,xss-pattern-finder,haiku,"Read, Grep, Glob",4940,Lightweight Haiku worker for finding XSS vulnerability patterns in frontend
engineering/zustand-state-architect.md,zustand-state-architect,opus,"Read, Write, Edit, Grep, Glob",11933,Expert in Zustand state management for React applications. Specializes
error-debugger.md,error-debugger,sonnet,"Read, Grep, Glob, Bash",1857,>
events/creative-event-brainstormer.md,creative-event-brainstormer,opus,"Read, Write, Edit, Grep, Glob, WebSearch, WebFetch",8879,"Expert creative strategist for live event concepts, themes, and experiences. Specializes in event id"
events/event-budget-analyst.md,event-budget-analyst,haiku,"Read, Write, Edit, Grep, Glob",10755,"Expert in live event financial planning, budget creation, cost tracking, and financial analysis. Spe"
events/event-marketing-specialist.md,event-marketing-specialist,haiku,"Read, Write, Edit, Grep, Glob, WebSearch, WebFetch",7973,"Expert in live event marketing, ticket sales strategy, and audience development. Specializes in conc"
events/live-event-producer.md,live-event-producer,haiku,"Read, Write, Edit, Grep, Glob, WebSearch, WebFetch",10027,"Expert live event producer for concerts, festivals, corporate events, and touring productions. Speci"
events/technical-director.md,technical-director,opus,"Read, Write, Edit, Grep, Glob, WebSearch",12227,"Expert technical director for live events, concerts, theater, and broadcast productions. Specializes"
events/tour-manager.md,tour-manager,haiku,"Read, Write, Edit, Grep, Glob, WebSearch, WebFetch",10951,"Expert tour manager for music tours, theatrical productions, and corporate road shows. Specializes i"
factory/agent-factory-orchestrator.md,agent-factory-orchestrator,opus,"Task, Read, Write, Edit, Bash, Grep, Glob",6608,"Meta-orchestrator that automatically detects capability gaps and generates new agents to fill them, "
factory/agent-template-generator.md,agent-template-generator,sonnet,"Task, Read, Write, Grep, Glob",4783,Sonnet-tier agent that generates complete agent definition files from gap specifications.
factory/agent-validator.md,agent-validator,sonnet,"Task, Read, Grep, Glob",4774,Sonnet-tier agent that validates newly generated agents before deployment to ensure quality and cons
factory/gap-detector.md,gap-detector,haiku,"Read, Grep, Glob",3705,Haiku worker that analyzes failed routings and task attempts to identify missing agent capabilities 
fusion-compiler/fusion-orchestrator.md,fusion-orchestrator,opus,"Task, Read, Write, Grep, Glob",6370,Sonnet orchestrator that manages runtime agent fusion for 1.5x speedup through eliminated overhead.
fusion-compiler/runtime-fuser.md,runtime-fuser,opus,"Read, Grep, Glob",2314,Haiku worker that identifies agents that should be fused at runtime to eliminate communication overh
fusion-compiler/super-agent-generator.md,super-agent-generator,sonnet,"Task, Read, Write, Grep, Glob",5690,Sonnet agent that generates fused super-agents from multiple base agents at runtime.
fusion/ai-product-fusion-agent.md,ai-product-fusion-agent,opus,"Task, Read, Write, Edit, Bash, Grep, Glob, WebSearch",6230,Fuses AI/ML engineering with product management to build AI-powered features that actually solve use
fusion/data-analytics-fusion-agent.md,data-analytics-fusion-agent,sonnet,"Task, Read, Write, Edit, Bash, Grep, Glob, WebSearch",7036,Fuses data engineering with analytics to build end-to-end data systems that deliver actionable insig
fusion/full-stack-fusion-agent.md,full-stack-fusion-agent,sonnet,"Task, Read, Write, Edit, Bash, Grep, Glob",5457,"Dynamically fuses frontend, backend, and database expertise into a single coherent agent for end-to-"
fusion/performance-security-fusion-agent.md,performance-security-fusion-agent,opus,"Task, Read, Write, Edit, Bash, Grep, Glob",6746,Fuses performance optimization with security hardening to achieve fast AND secure applications witho
fusion/security-devops-fusion-agent.md,security-devops-fusion-agent,sonnet,"Task, Read, Write, Edit, Bash, Grep, Glob",6120,"Fuses security engineering with DevOps to implement secure CI/CD pipelines, infrastructure hardening"
google/gemini-integration-specialist.md,gemini-integration-specialist,haiku,"Read, Write, Edit, Bash, Grep, Glob, WebFetch, WebSearch",7943,"Deep expertise in Gemini API integration, multimodal prompting, context caching, function calling, a"
google/google-ai-studio-guide.md,google-ai-studio-guide,sonnet,"Read, Write, Edit, Bash, Grep, Glob, WebFetch, WebSearch",9281,"Navigator for Google AI Studio workflows including project setup, prompt library management, model c"
google/google-labs-creative-guide.md,google-labs-creative-guide,haiku,"Read, Write, Edit, Grep, Glob, WebFetch, WebSearch",9039,"Manual workflow guides for Google Labs creative tools without APIs including Stitch, Whisk, Pomelli,"
google/google-workflow-automation-specialist.md,google-workflow-automation-specialist,haiku,"Read, Write, Edit, Bash, Grep, Glob, WebFetch, WebSearch",9228,"Expert in Google Apps Script, Workspace automation, triggers, add-ons, and cross-service data pipeli"
google/google-workspace-productivity-specialist.md,google-workspace-productivity-specialist,haiku,"Read, Write, Edit, Bash, Grep, Glob, WebFetch, WebSearch",5127,"Master coordinator for Google Workspace integrations including Gmail, Drive, Docs, Sheets, and Slide"
google/imagen-creative-specialist.md,imagen-creative-specialist,haiku,"Read, Write, Edit, Bash, Grep, Glob, WebFetch, WebSearch",8082,"Expert in Google Imagen 3 image generation, editing, style transfer, and prompt engineering for visu"
google/veo-video-generation-specialist.md,veo-video-generation-specialist,sonnet,"Read, Write, Edit, Bash, Grep, Glob, WebFetch, WebSearch",8082,"Expert in Google Veo 2 AI video generation, cinematic prompt engineering, motion control, and video "
growth/analytics-specialist.md,analytics-specialist,haiku,"Read, Write, Edit, Grep, Glob, Bash, WebSearch",8244,"Expert analytics specialist for funnel analysis, cohort tracking, conversion"
growth/growth-hacker.md,growth-hacker,haiku,"Read, Write, Edit, Grep, Glob, Bash, WebSearch",7437,"Expert growth hacker for viral loops, unconventional acquisition tactics,"
growth/growth-lead.md,growth-lead,haiku,"Read, Write, Edit, Grep, Glob, Bash, WebSearch",7722,"Expert growth lead for growth strategy, experimentation frameworks, and"
improvement/performance-tracker.md,performance-tracker,haiku,"Read, Grep, Glob",4256,Haiku worker that collects and aggregates agent performance metrics for the recursive improvement sy
improvement/prompt-optimizer.md,prompt-optimizer,haiku,"Task, Read, Write, Edit, Grep, Glob",5150,Haiku-tier agent that analyzes agent definitions and optimizes their prompts for better performance.
improvement/recursive-improvement-orchestrator.md,recursive-improvement-orchestrator,opus,"Task, Read, Write, Edit, Bash, Grep, Glob",6534,"Meta-orchestrator that continuously improves the agent ecosystem by tracking performance, optimizing"
lazy-loading/agent-loader.md,agent-loader,sonnet,"Read, Grep, Glob",4605,Haiku worker that implements lazy loading of agents - only load what's actually needed.
lazy-loading/lazy-orchestrator.md,lazy-orchestrator,opus,"Task, Read, Write, Grep, Glob",5773,Haiku orchestrator implementing lazy loading across the ecosystem for 90% memory reduction.
lazy-loading/resource-manager.md,resource-manager,haiku,"Task, Read, Write, Grep, Glob",5814,Haiku agent that manages system resources for optimal agent loading and execution.
marketing/affiliate-marketing-specialist.md,affiliate-marketing-specialist,haiku,"Read, Write, Edit, Grep, Glob, WebSearch",13514,"Expert in affiliate program development, partner recruitment, and performance-based marketing. Speci"
marketing/email-marketer.md,email-marketer,haiku,"Read, Write, Edit, Grep, Glob, WebSearch, WebFetch",7549,"Expert email marketer for email campaigns, automation flows, deliverability,"
marketing/email-marketing-automation-specialist.md,email-marketing-automation-specialist,haiku,"Read, Write, Edit, Grep, Glob, WebSearch, WebFetch",17419,"Expert in email campaign automation and lifecycle marketing. Specializes in Mailchimp, HubSpot, Klav"
marketing/head-of-marketing.md,head-of-marketing,haiku,"Read, Write, Grep, WebSearch, WebFetch",8062,"Expert marketing leader for strategy, campaigns, brand positioning, and"
marketing/influencer-marketing-specialist.md,influencer-marketing-specialist,haiku,"Read, Write, Edit, Grep, Glob, WebSearch",13842,"Expert in influencer partnerships, creator collaborations, and social media advocacy. Specializes in"
marketing/performance-marketer.md,performance-marketer,sonnet,"Read, Write, Edit, Grep, Glob, WebSearch, WebFetch",7960,"Expert performance marketer for paid advertising, ROI optimization, ad"
marketing/seo-specialist.md,seo-specialist,haiku,"Read, Write, Edit, Grep, Glob, WebSearch, WebFetch",8262,"Expert SEO specialist for search optimization, keyword strategy, technical"
marketing/short-form-video-strategist.md,short-form-video-strategist,haiku,"Read, Write, Grep, WebSearch, WebFetch",8336,"Expert short-form video strategist for TikTok, Instagram Reels, YouTube"
meta-orchestrators/adaptive-strategy-executor.md,adaptive-strategy-executor,opus,"Task, Read, Write, Edit, Bash, Grep, Glob",5282,"Meta-orchestrator that monitors execution in real-time and dynamically adjusts strategy, swapping or"
meta-orchestrators/autonomous-project-executor.md,autonomous-project-executor,opus,"Task, Read, Write, Edit, Bash, Grep, Glob",4765,"Meta-orchestrator that decomposes entire projects into phases, spawns appropriate orchestrators for "
meta-orchestrators/parallel-universe-executor.md,parallel-universe-executor,haiku,"Task, Read, Write, Edit, Bash, Grep, Glob",4932,Meta-orchestrator that explores multiple solution paths simultaneously by spawning parallel orchestr
meta-orchestrators/recursive-depth-executor.md,recursive-depth-executor,opus,"Task, Read, Write, Edit, Bash, Grep, Glob",5218,Meta-orchestrator that handles arbitrarily complex nested problems by recursively spawning sub-orche
meta-orchestrators/swarm-commander.md,swarm-commander,opus,"Task, Read, Write, Edit, Bash, Grep, Glob",7735,"Meta-orchestrator that commands massive parallel swarms of 50+ agents simultaneously, coordinating l"
meta/auto-parallelization-detector.md,auto-parallelization-detector,haiku,"Read, Grep, Glob",5066,Detects task patterns that would benefit from parallel execution and
meta/skill-recommender.md,skill-recommender,haiku,"Read, Grep, Glob",5976,"Suggests relevant skills based on task context, user history, and project"
migration-agent.md,migration-agent,sonnet,"Read, Edit, Grep, Glob, Bash",1599,>
observability/chaos-engineering-specialist.md,chaos-engineering-specialist,opus,"Read, Write, Edit, Bash, Grep, Glob",4608,"Expert in chaos engineering practices, Chaos Mesh, Litmus, Gremlin, and resilience testing. Proactiv"
observability/distributed-tracing-specialist.md,distributed-tracing-specialist,haiku,"Read, Write, Edit, Bash, Grep, Glob",4410,"Expert in distributed tracing with Jaeger, Tempo, Zipkin, and OpenTelemetry. Specializes in span pro"
observability/metrics-monitoring-architect.md,metrics-monitoring-architect,opus,"Read, Write, Edit, Bash, Grep, Glob",5115,"Expert in Prometheus, Grafana, metrics architecture, SLO design, and alerting strategies. Designs co"
operations/chief-of-staff.md,chief-of-staff,opus,"Read, Write, Edit, Grep, Glob",6934,Cross-functional orchestrator for complex initiatives spanning multiple
operations/cost-optimization-specialist.md,cost-optimization-specialist,sonnet,"Read, Write, Edit, Bash, Grep, Glob",16224,"Expert in cloud cost analysis, FinOps practices, and resource efficiency. Specializes in AWS/GCP/Azu"
operations/finance-ops.md,finance-ops,sonnet,"Read, Write, Edit, Grep, Glob, WebSearch",7741,"Expert finance ops specialist for budgeting, forecasting, financial planning,"
operations/hr-people-ops.md,hr-people-ops,sonnet,"Read, Write, Edit, Grep, Glob, WebSearch",8165,"Expert HR/People Ops specialist for hiring, onboarding, culture, policies,"
operations/incident-response-engineer.md,incident-response-engineer,sonnet,"Read, Write, Edit, Bash, Grep, Glob",7997,"SRE and incident response specialist for debugging production issues,"
operations/legal-advisor.md,legal-advisor,haiku,"Read, Write, Edit, Grep, Glob, WebSearch",8643,"Expert legal advisor for contracts, compliance, risk assessment, and"
operations/operations-manager.md,operations-manager,haiku,"Read, Write, Edit, Grep, Glob, WebSearch",9071,"Expert operations manager for process optimization, workflows, resource"
optimization/token-economy-orchestrator.md,token-economy-orchestrator,opus,"Read, Write, Grep, Glob, Task",11524,"Unified orchestrator for token optimization including compression, caching,"
orchestrators/api-evolution-orchestrator.md,api-evolution-orchestrator,opus,"Task, Read, Write, Edit, Bash, Grep, Glob",2977,"Compound orchestrator for API versioning, deprecation, and evolution. Coordinates 4 agents for safe "
orchestrators/feature-delivery-orchestrator.md,feature-delivery-orchestrator,opus,"Task, Read, Write, Edit, Bash, Grep, Glob",3461,Compound orchestrator for end-to-end feature development. Coordinates 8 agents from design through d
orchestrators/incident-postmortem-conductor.md,incident-postmortem-conductor,opus,"Task, Read, Write, Edit, Bash, Grep, Glob",2891,Compound orchestrator for incident analysis and postmortem documentation. Coordinates 5 agents to an
orchestrators/ml-pipeline-orchestrator.md,ml-pipeline-orchestrator,opus,"Task, Read, Write, Edit, Bash, Grep, Glob",3685,Compound orchestrator for end-to-end ML workflows. Coordinates 5 agents from data preparation throug
orchestrators/performance-optimization-orchestrator.md,performance-optimization-orchestrator,opus,"Task, Read, Write, Edit, Bash, Grep, Glob",3742,"Compound orchestrator for comprehensive performance optimization. Coordinates 5 agents to analyze, o"
orchestrators/production-readiness-orchestrator.md,production-readiness-orchestrator,opus,"Task, Read, Write, Edit, Bash, Grep, Glob",3766,Compound orchestrator that coordinates 12+ agents for comprehensive pre-release validation. Ensures 
orchestrators/security-hardening-orchestrator.md,security-hardening-orchestrator,opus,"Task, Read, Write, Edit, Bash, Grep, Glob",3385,"Compound orchestrator for comprehensive security hardening. Coordinates 4 agents to audit, fix, and "
orchestrators/technical-debt-coordinator.md,technical-debt-coordinator,opus,"Task, Read, Write, Edit, Bash, Grep, Glob",3476,"Compound orchestrator for systematic technical debt reduction. Coordinates 4 agents to identify, pri"
orchestrators/test-coverage-orchestrator.md,test-coverage-orchestrator,opus,"Task, Read, Write, Edit, Bash, Grep, Glob",3058,Compound orchestrator for systematic test coverage expansion. Coordinates 4 agents to identify gaps 
performance-auditor.md,performance-auditor,sonnet,"Read, Grep, Glob, Bash",5257,>
performance-profiler.md,performance-profiler,sonnet,"Read, Grep, Glob, Bash",1811,>
predictive-cache/cache-orchestrator.md,cache-orchestrator,opus,"Task, Read, Write, Grep, Glob",7238,Haiku orchestrator managing predictive caching across the ecosystem for 90%+ cache hit rates.
predictive-cache/result-predictor.md,result-predictor,sonnet,"Task, Read, Grep, Glob",2556,Haiku agent that predicts likely query results and pre-computes them before user asks.
predictive-cache/session-prewarmer.md,session-prewarmer,haiku,"Read, Grep, Glob",3612,Haiku worker that pre-warms caches at session start based on project context and user patterns.
product/experiment-analyzer.md,experiment-analyzer,haiku,"Read, Write, Bash, Grep, Glob, WebSearch",30434,"Expert in statistical analysis of A/B tests, significance testing, confidence"
product/experiment-designer.md,experiment-designer,opus,"Read, Write, Grep, Glob, WebSearch",22313,"Expert in A/B test design, power analysis, sample size calculation, and"
product/product-analyst.md,Product Analyst,sonnet,"Read, Grep, Glob, WebSearch",25253,"Expert product analyst for cohort analysis, retention studies, funnel"
product/product-manager.md,product-manager,haiku,"Read, Grep, Glob, WebSearch",6915,"Expert product manager for product strategy, roadmaps, feature requirements,"
product/technical-product-owner.md,technical-product-owner,sonnet,"Read, Grep, Glob",6350,"Expert technical product owner for backlog management, sprint planning,"
project_management/agile-project-manager.md,agile-project-manager,haiku,"Read, Grep, Glob",8509,"Expert agile project manager for sprint planning, delivery management,"
project_management/scrum-master.md,scrum-master,haiku,"Read, Grep, Glob",8952,"Expert Scrum Master for agile ceremonies, team health, blocker removal,"
project_management/technical-program-manager.md,technical-program-manager,haiku,"Read, Grep, Glob",10208,"Expert TPM for cross-team coordination, technical program planning, and"
quantum-parallel/entanglement-manager.md,entanglement-manager,sonnet,"Task, Read, Write, Grep, Glob",3554,Sonnet agent that manages entangled agent pairs for instant state synchronization.
quantum-parallel/quantum-orchestrator.md,quantum-orchestrator,opus,"Task, Read, Write, Grep, Glob",6507,Sonnet orchestrator implementing quantum-inspired parallelism for 1.5x speedup through superposition
quantum-parallel/superposition-executor.md,superposition-executor,haiku,"Read, Grep, Glob",4568,Haiku worker that executes multiple solution paths simultaneously in superposition.
refactoring-agent.md,refactoring-agent,sonnet,"Read, Edit, Grep, Glob, Bash",1774,>
routing/agent-matcher.md,agent-matcher,sonnet,"Task, Read, Grep, Glob",4618,"Sonnet-tier agent that matches tasks to optimal agents based on complexity, domain, and agent capabi"
routing/domain-classifier.md,domain-classifier,haiku,"Read, Grep, Glob",4115,Haiku worker that classifies tasks by domain to enable accurate agent routing.
routing/predictive-task-router.md,predictive-task-router,sonnet,"Task, Read, Write, Grep, Glob",7221,Opus-tier orchestrator that pre-analyzes tasks and routes them to optimal agents BEFORE execution be
routing/task-complexity-analyzer.md,task-complexity-analyzer,haiku,"Read, Grep, Glob",2964,"Haiku worker that rapidly analyzes incoming tasks to determine complexity, scope, and resource requi"
security-scanner.md,security-scanner,sonnet,"Read, Grep, Glob, Bash",1689,>
self-healing/auto-recovery-agent.md,auto-recovery-agent,sonnet,"Task, Read, Write, Edit, Bash, Grep, Glob",3932,"Sonnet-tier agent that executes automatic recovery actions based on diagnosis. Can fix code, retry o"
self-healing/error-detector.md,error-detector,haiku,"Read, Grep, Glob",2382,"Lightweight Haiku worker that monitors agent execution for errors, failures, and anomalies. First li"
self-healing/error-diagnostician.md,error-diagnostician,opus,"Task, Read, Grep, Glob",3035,"Sonnet-tier agent that performs deep analysis of detected errors, identifying root causes and determ"
self-healing/escalation-manager.md,escalation-manager,sonnet,"Task, Read, Grep, Glob",3775,"Sonnet-tier agent that manages error escalation, determining when to involve humans and how to prese"
self-healing/self-healing-orchestrator.md,self-healing-orchestrator,opus,"Task, Read, Write, Edit, Bash, Grep, Glob",6001,"Meta-orchestrator that coordinates the entire self-healing pipeline, from error detection through re"
semantic-cache/cache-result-adapter.md,cache-result-adapter,haiku,"Read, Grep, Glob",1262,Haiku worker that adapts cached results to match exact query requirements.
semantic-cache/semantic-hash-generator.md,semantic-hash-generator,sonnet,"Read, Grep, Glob",1159,Haiku worker that generates semantic hashes for cache keys. Creates similarity-aware
semantic-cache/similarity-cache-manager.md,similarity-cache-manager,sonnet,"Task, Read, Write, Grep, Glob",1401,"Sonnet agent that manages the semantic similarity cache. Handles cache lookups, storage, and similar"
speculative/speculative-orchestrator.md,speculative-orchestrator,opus,"Task, Read, Write, Bash, Grep, Glob",7592,Opus-tier meta-orchestrator that coordinates speculative pre-execution across the ecosystem for near
swarm-intelligence/collective-memory.md,collective-memory,haiku,"Task, Read, Write, Grep, Glob",6089,"Haiku-tier agent that maintains shared knowledge across the swarm, enabling agents to learn from eac"
swarm-intelligence/emergent-behavior-monitor.md,emergent-behavior-monitor,sonnet,"Task, Read, Write, Grep, Glob",4535,"Sonnet-tier agent that monitors swarm behavior, identifies emergent patterns, and optimizes swarm dy"
swarm-intelligence/stigmergic-coordinator.md,stigmergic-coordinator,sonnet,"Read, Write, Grep, Glob",4054,"Haiku worker that implements stigmergic coordination - agents leave signals for others, enabling eme"
test-generator.md,test-generator,sonnet,"Read, Edit, Grep, Glob, Bash",1714,>
testing/assertion-quality-checker.md,assertion-quality-checker,sonnet,"Read, Grep, Glob",5422,Lightweight Haiku worker for finding weak or overly broad assertions.
testing/automation-tester.md,automation-tester,opus,"Read, Write, Edit, Bash, Grep, Glob",15988,"Expert automation tester for test frameworks, CI/CD integration, and"
testing/flaky-test-detector.md,flaky-test-detector,sonnet,"Read, Grep, Glob",5074,Lightweight Haiku worker for finding test patterns likely to be flaky.
testing/mock-signature-validator.md,mock-signature-validator,sonnet,"Read, Grep, Glob",4426,Lightweight Haiku worker for checking that mocks match actual function
testing/performance-tester.md,performance-tester,opus,"Read, Write, Edit, Bash, Grep, Glob",11726,"Expert performance tester for load testing, benchmarking, performance"
testing/qa-engineer.md,qa-engineer,opus,"Read, Write, Edit, Bash, Grep, Glob",11022,"Expert QA engineer for test planning, manual testing, bug reporting,"
testing/quality-assurance-architect.md,quality-assurance-architect,opus,"Read, Write, Edit, Bash, Grep, Glob",18265,"Expert in test strategy design, quality metrics, and QA architecture. Specializes in test pyramid de"
ticketing/axs-platform-specialist.md,axs-platform-specialist,haiku,"Read, Write, Edit, Grep, Glob, WebSearch",14047,"Expert in AEG's AXS ticketing platform including Flash Seats, AXS Mobile ID, premium pricing, venue "
ticketing/presale-specialist.md,presale-specialist,opus,"Read, Write, Edit, Grep, Glob, WebSearch",14830,"Expert in presale strategy, offer management, code distribution, fan club operations, and presale op"
ticketing/pricing-strategy-specialist.md,pricing-strategy-specialist,opus,"Read, Write, Edit, Grep, Glob, WebSearch",13330,"Expert in demand-based and dynamic pricing for live events including price optimization, yield manag"
ticketing/secondary-market-specialist.md,secondary-market-specialist,haiku,"Read, Write, Edit, Grep, Glob, WebSearch",14274,"Expert in secondary ticket markets including StubHub, SeatGeek, Vivid Seats, and official resale pla"
ticketing/ticketing-operations-specialist.md,ticketing-operations-specialist,haiku,"Read, Write, Edit, Grep, Glob, WebSearch",12135,"Expert in live event ticketing operations, venue manifests, scaling, cross-sections, holds managemen"
ticketing/ticketmaster-specialist.md,ticketmaster-specialist,haiku,"Read, Write, Edit, Grep, Glob, WebSearch",12197,"Expert in Ticketmaster and Live Nation ticketing platforms including TM Host, Archtics, Universe, Pr"
ticketing/vip-packages-specialist.md,vip-packages-specialist,opus,"Read, Write, Edit, Grep, Glob, WebSearch",13943,"Expert in creating, pricing, and managing VIP experiences and premium packages for concerts, tours, "
token-optimizer.md,token-optimizer,haiku,"Read, Grep, Glob, Bash",6116,>
workers/ai-ml-validation/agent-prompt-auditor.md,agent-prompt-auditor,opus,"Read, Grep, Glob",1487,Lightweight Haiku worker for auditing agent prompt quality. Checks for
workers/ai-ml-validation/context-window-analyzer.md,context-window-analyzer,haiku,"Read, Grep, Glob",1558,Lightweight Haiku worker for analyzing context window usage and optimization
workers/ai-ml-validation/fine-tuning-config-validator.md,fine-tuning-config-validator,sonnet,"Read, Grep, Glob",1626,Lightweight Haiku worker for validating ML fine-tuning configurations.
workers/ai-ml-validation/hallucination-pattern-detector.md,hallucination-pattern-detector,haiku,"Read, Grep, Glob",1667,Lightweight Haiku worker for detecting potential hallucination patterns
workers/ai-ml-validation/model-cost-estimator.md,model-cost-estimator,haiku,"Read, Grep, Glob",1425,Lightweight Haiku worker for estimating LLM API costs. Calculates token
workers/ai-ml-validation/vector-store-schema-checker.md,vector-store-schema-checker,haiku,"Read, Grep, Glob",1451,Lightweight Haiku worker for validating vector store schemas and configurations.
workers/ai-ml/embedding-dimension-checker.md,embedding-dimension-checker,sonnet,"Read, Grep, Glob",1314,"Lightweight Haiku worker for verifying embedding configurations. Checks dimensions, model compatibil"
workers/ai-ml/llm-output-validator.md,llm-output-validator,sonnet,"Read, Grep, Glob",1313,"Lightweight Haiku worker for validating LLM response quality. Checks format compliance, hallucinatio"
workers/ai-ml/model-config-validator.md,model-config-validator,sonnet,"Read, Grep, Glob",1313,"Lightweight Haiku worker for checking ML model inference parameters. Validates temperature, max_toke"
workers/ai-ml/prompt-template-validator.md,prompt-template-validator,sonnet,"Read, Grep, Glob",1420,"Lightweight Haiku worker for validating LLM prompt templates. Checks structure, variable placeholder"
workers/ai-ml/token-usage-analyzer.md,token-usage-analyzer,haiku,"Read, Grep, Glob",1260,Lightweight Haiku worker for analyzing LLM token usage and costs. Identifies optimization opportunit
workers/ai-ml/training-data-validator.md,training-data-validator,sonnet,"Read, Grep, Glob",1304,"Lightweight Haiku worker for validating ML training dataset format and quality. Checks schema, compl"
workers/api-contract-validator.md,api-contract-validator,sonnet,"Read, Grep, Glob",3146,Lightweight Haiku worker for validating API implementations match their OpenAPI/GraphQL schemas. Rep
workers/api/graphql-schema-checker.md,graphql-schema-checker,sonnet,"Read, Grep, Glob",1220,"Lightweight Haiku worker for validating GraphQL schemas. Checks type definitions, resolver patterns,"
workers/api/grpc-proto-validator.md,grpc-proto-validator,sonnet,"Read, Grep, Glob",1209,"Lightweight Haiku worker for validating Protocol Buffer definitions. Checks message types, service d"
workers/api/openapi-spec-validator.md,openapi-spec-validator,opus,"Read, Grep, Glob",1233,"Lightweight Haiku worker for validating OpenAPI/Swagger specifications. Checks schema validity, endp"
workers/api/trpc-router-validator.md,trpc-router-validator,sonnet,"Read, Grep, Glob",1212,"Lightweight Haiku worker for validating tRPC router definitions. Checks procedure types, input valid"
workers/bundle-chunk-analyzer.md,bundle-chunk-analyzer,haiku,"Read, Grep, Glob",4279,"Lightweight Haiku worker for analyzing individual bundle chunks. Reports chunk sizes, dependencies, "
workers/cache-invalidation-checker.md,cache-invalidation-checker,haiku,"Read, Grep, Glob",4533,"Lightweight Haiku worker for detecting cache invalidation issues. Identifies stale cache scenarios, "
workers/chaos/chaos-scenario-validator.md,chaos-scenario-validator,sonnet,"Read, Grep, Glob",1973,"Validates chaos experiment definitions for safety, scope, and proper"
workers/chaos/failure-mode-simulator.md,failure-mode-simulator,haiku,"Read, Grep, Glob",2170,"Analyzes code for failure mode handling, identifying missing error paths,"
workers/cloud/autoscaling-config-validator.md,autoscaling-config-validator,sonnet,"Read, Grep, Glob",1595,Lightweight Haiku worker for validating autoscaling configurations. Checks
workers/cloud/cloud-cost-anomaly-detector.md,cloud-cost-anomaly-detector,haiku,"Read, Grep, Glob",1444,Lightweight Haiku worker for detecting cloud cost anomalies. Identifies
workers/cloud/iam-policy-validator.md,iam-policy-validator,opus,"Read, Grep, Glob",1511,Lightweight Haiku worker for validating IAM policies. Checks for overly
workers/cloud/service-mesh-config-checker.md,service-mesh-config-checker,haiku,"Read, Grep, Glob",1527,Lightweight Haiku worker for validating service mesh configurations.
workers/data/data-type-checker.md,data-type-checker,sonnet,"Read, Grep, Glob",1262,Lightweight Haiku worker for validating database column types and constraints. Checks type consisten
workers/data/dexie-migration-checker.md,dexie-migration-checker,haiku,"Read, Grep, Glob",5666,Lightweight Haiku worker for validating Dexie version migration safety.
workers/data/foreign-key-checker.md,foreign-key-checker,sonnet,"Read, Grep, Glob",1266,Lightweight Haiku worker for validating database foreign key relationships. Checks referential integ
workers/data/index-usage-analyzer.md,index-usage-analyzer,haiku,"Read, Grep, Glob",1254,Lightweight Haiku worker for analyzing database index effectiveness. Identifies unused and missing i
workers/data/indexeddb-schema-validator.md,indexeddb-schema-validator,sonnet,"Read, Grep, Glob",3890,Lightweight Haiku worker for validating IndexedDB/Dexie schema definitions.
workers/data/null-safety-analyzer.md,null-safety-analyzer,haiku,"Read, Grep, Glob",1249,Lightweight Haiku worker for analyzing database nullability patterns. Identifies nullable columns th
workers/data/query-plan-validator.md,query-plan-validator,opus,"Read, Grep, Glob",1357,Lightweight Haiku worker for validating SQL query execution plans. Identifies sequential scans and o
workers/data/schema-diff-validator.md,schema-diff-validator,sonnet,"Read, Grep, Glob",1260,Lightweight Haiku worker for validating database schema changes. Detects breaking changes and migrat
workers/dependency-conflict-detector.md,dependency-conflict-detector,haiku,"Read, Grep, Glob",3882,"Lightweight Haiku worker for detecting dependency conflicts, version mismatches, and peer dependency"
workers/dx/cli-usability-validator.md,cli-usability-validator,sonnet,"Read, Grep, Glob",1966,"Validates CLI tool usability including help text, argument handling,"
workers/dx/debug-experience-auditor.md,debug-experience-auditor,opus,"Read, Grep, Glob",2036,"Evaluates debugging capabilities including source maps, logging, dev"
workers/dx/error-message-clarity-checker.md,error-message-clarity-checker,sonnet,"Read, Grep, Glob",2054,"Ensures error messages are clear, actionable, and help developers quickly"
workers/dx/eslint-rule-consistency-checker.md,eslint-rule-consistency-checker,haiku,"Read, Grep, Glob",1773,Lightweight Haiku worker for checking ESLint rule consistency. Identifies
workers/dx/onboarding-complexity-analyzer.md,onboarding-complexity-analyzer,haiku,"Read, Grep, Glob",2430,"Measures developer onboarding friction including setup steps, documentation"
workers/dx/package-json-script-validator.md,package-json-script-validator,sonnet,"Read, Grep, Glob",1713,Lightweight Haiku worker for validating package.json scripts. Checks
workers/dx/typescript-strictness-auditor.md,typescript-strictness-auditor,opus,"Read, Grep, Glob",1622,Lightweight Haiku worker for auditing TypeScript strictness settings.
workers/e2e-test-gap-finder.md,e2e-test-gap-finder,haiku,"Read, Grep, Glob",3600,Lightweight Haiku worker for finding missing E2E test coverage. Identifies critical user flows witho
workers/event-loop-blocker-finder.md,event-loop-blocker-finder,haiku,"Read, Grep, Glob",5406,Lightweight Haiku worker for finding Node.js event loop blocking patterns. Identifies synchronous op
workers/feature-flags/flag-cleanup-detector.md,flag-cleanup-detector,haiku,"Read, Grep, Glob",1951,"Identifies stale feature flags that are ready for removal, reducing code"
workers/feature-flags/flag-coverage-checker.md,flag-coverage-checker,opus,"Read, Grep, Glob",1925,Ensures feature flags have test coverage for both enabled and disabled
workers/infra/ci-pipeline-validator.md,ci-pipeline-validator,sonnet,"Read, Grep, Glob",1044,"Lightweight Haiku worker for validating CI/CD pipeline configurations. Checks GitHub Actions, GitLab"
workers/infra/dockerfile-best-practices.md,dockerfile-best-practices,haiku,"Read, Grep, Glob",1081,"Lightweight Haiku worker for validating Dockerfile best practices. Checks layer optimization, securi"
workers/infra/helm-chart-validator.md,helm-chart-validator,sonnet,"Read, Grep, Glob",975,"Lightweight Haiku worker for validating Helm chart templates. Checks values, templates, and Chart.ya"
workers/infra/k8s-manifest-validator.md,k8s-manifest-validator,opus,"Read, Grep, Glob",1067,"Lightweight Haiku worker for validating Kubernetes manifests. Checks resource limits, security conte"
workers/infra/secrets-exposure-scanner.md,secrets-exposure-scanner,haiku,"Read, Grep, Glob",1043,"Lightweight Haiku worker for detecting exposed secrets and credentials. Scans code, configs, and env"
workers/infra/terraform-plan-analyzer.md,terraform-plan-analyzer,haiku,"Read, Grep, Glob",1062,Lightweight Haiku worker for analyzing Terraform plan output. Identifies risky changes and resource 
workers/js/closure-leak-detector.md,closure-leak-detector,haiku,"Read, Grep, Glob",4639,Lightweight Haiku worker for detecting closures that retain large references and cause memory leaks.
workers/js/event-listener-auditor.md,event-listener-auditor,opus,"Read, Grep, Glob",5232,"Lightweight Haiku worker for finding event listeners that may leak (missing removeEventListener, ano"
workers/js/promise-chain-analyzer.md,promise-chain-analyzer,haiku,"Read, Grep, Glob",3175,"Lightweight Haiku worker for analyzing promise chains for unhandled rejections, missing catches, flo"
workers/migration-risk-scorer.md,migration-risk-scorer,haiku,"Read, Grep, Glob",4561,Lightweight Haiku worker for scoring database migration risks. Analyzes migration files for data los
workers/npm/lockfile-drift-detector.md,lockfile-drift-detector,haiku,"Read, Grep, Glob",4365,Lightweight Haiku worker for detecting drift between package.json and lockfile. Use in swarm pattern
workers/npm/package-outdated-checker.md,package-outdated-checker,sonnet,"Read, Bash, Grep, Glob",3430,Lightweight Haiku worker for checking outdated packages and semver violations. Use in swarm patterns
workers/npm/peer-dependency-validator.md,peer-dependency-validator,sonnet,"Read, Bash, Grep, Glob",4146,Lightweight Haiku worker for validating peer dependency requirements and conflicts. Use in swarm pat
workers/observability/alert-coverage-finder.md,alert-coverage-finder,haiku,"Read, Grep, Glob",2200,"Identifies gaps in alerting coverage for RED/USE metrics, SLO violations,"
workers/observability/log-format-validator.md,log-format-validator,sonnet,"Read, Grep, Glob",1977,"Validates structured logging consistency, required fields, log levels,"
workers/observability/metric-schema-checker.md,metric-schema-checker,opus,"Read, Grep, Glob",1934,"Validates metric naming conventions, label cardinality, and metric types"
workers/observability/otel-span-validator.md,otel-span-validator,opus,"Read, Grep, Glob",1881,"Validates OpenTelemetry span configurations, trace context propagation,"
workers/perf-extended/cdn-cache-header-validator.md,cdn-cache-header-validator,sonnet,"Read, Grep, Glob",1618,"Lightweight Haiku worker for validating CDN cache headers. Checks Cache-Control,"
workers/perf-extended/database-connection-pool-analyzer.md,database-connection-pool-analyzer,haiku,"Read, Grep, Glob",1711,Lightweight Haiku worker for analyzing database connection pool configurations.
workers/perf-extended/react-hydration-checker.md,react-hydration-checker,haiku,"Read, Grep, Glob",1601,Lightweight Haiku worker for detecting React hydration issues. Identifies
workers/perf-extended/ssr-config-validator.md,ssr-config-validator,sonnet,"Read, Grep, Glob",1598,Lightweight Haiku worker for validating SSR/ISR configurations. Checks
workers/perf/bundle-treemap-analyzer.md,bundle-treemap-analyzer,haiku,"Read, Grep, Glob",1334,Lightweight Haiku worker for analyzing bundle visualization data. Parses webpack-bundle-analyzer or 
workers/perf/cpu-profile-analyzer.md,cpu-profile-analyzer,haiku,"Read, Grep, Glob",1407,"Lightweight Haiku worker for analyzing CPU profiling data. Identifies hot paths, long tasks, and opt"
workers/perf/lighthouse-score-parser.md,lighthouse-score-parser,haiku,"Read, Grep, Glob",1242,"Lightweight Haiku worker for parsing Lighthouse audit results. Extracts Core Web Vitals, performance"
workers/perf/memory-snapshot-parser.md,memory-snapshot-parser,haiku,"Read, Grep, Glob",1341,"Lightweight Haiku worker for parsing Chrome DevTools heap snapshots. Identifies memory leaks, retain"
workers/performance-regression-detector.md,performance-regression-detector,sonnet,"Read, Grep, Glob",3596,"Lightweight Haiku worker for detecting performance regressions in code changes. Compares benchmarks,"
workers/security/auth-flow-validator.md,auth-flow-validator,opus,"Read, Grep, Glob",1343,"Lightweight Haiku worker for validating authentication flow patterns. Checks session management, tok"
workers/security/cve-dependency-scanner.md,cve-dependency-scanner,haiku,"Read, Grep, Glob",1330,"Lightweight Haiku worker for scanning dependencies for known CVEs. Parses npm audit, Snyk, or Depend"
workers/security/input-sanitization-checker.md,input-sanitization-checker,haiku,"Read, Grep, Glob",1368,"Lightweight Haiku worker for checking input sanitization and validation. Identifies XSS, injection, "
workers/security/sast-rule-checker.md,sast-rule-checker,opus,"Read, Grep, Glob",1293,Lightweight Haiku worker for static application security testing. Checks code patterns for security 
workers/testing-extended/coverage-regression-detector.md,coverage-regression-detector,sonnet,"Read, Grep, Glob",1683,Lightweight Haiku worker for detecting test coverage regressions. Compares
workers/testing-extended/snapshot-drift-detector.md,snapshot-drift-detector,sonnet,"Read, Grep, Glob",1673,Lightweight Haiku worker for detecting snapshot test drift. Identifies
workers/testing-extended/test-isolation-checker.md,test-isolation-checker,sonnet,"Read, Grep, Glob",1742,Lightweight Haiku worker for checking test isolation. Identifies shared
zero-shot/cross-domain-transferer.md,cross-domain-transferer,sonnet,"Task, Read, Write, Grep, Glob",5337,Sonnet agent that applies knowledge from one domain to solve problems in another domain.
zero-shot/knowledge-distiller.md,knowledge-distiller,haiku,"Read, Grep, Glob",6186,Haiku worker that extracts transferable knowledge patterns from agent expertise.
zero-shot/transfer-orchestrator.md,transfer-orchestrator,opus,"Task, Read, Write, Grep, Glob",5972,Sonnet orchestrator enabling zero-shot expertise transfer across all domains for 1.3x speedup.
