Rank,Cluster,Agents_Eliminated,Impact,Effort,Phase,Status,Notes
1,JavaScript Debugging,4,Critical,Medium,2,Pending,"Biggest routing confusion - 5 agents doing similar work"
2,Exact Duplicates,2,High,Low,1,Pending,"secret-scanner + secrets-exposure-scanner; dockerfile-best-practices + dockerfile-linter"
3,Testing Validation,6,High,Medium,2,Pending,"Single test quality entry point - 7 agents consolidated"
4,Database Validation,5,High,Medium,3,Pending,"Unifies all DB schema analysis - 6 agents"
5,Bundle Analysis,3,Medium,Low,3,Pending,"Simplifies bundle optimization - 4 agents"
6,API Validation,3,Medium,Medium,3,Pending,"Unifies API schema validation across formats"
7,Security Scanning,4,High,Medium,2,Pending,"Consolidates all security checks"
8,Infrastructure Validation,4,Medium,Medium,3,Pending,"Unifies IaC validation (Docker/K8s/Terraform/Helm)"
9,PWA Debugging,1,Medium,Low,1,Pending,"pwa-debugger + pwa-devtools-debugger merge"
10,IndexedDB Debuggers,1,Low,Low,1,Pending,"indexeddb-debugger + dmb-indexeddb-debugger"
11,DMB Validators,5,Medium,Medium,4,Pending,"Makes validators reusable - 6 project-specific agents"
12,DMB Domain Experts,2,Low,Low,4,Pending,"Generalizes brand-dna + chromium-optimizer"
13,Release Orchestrators,1,Medium,Low,2,Pending,"production-readiness + release-validator merge"
14,Audit Orchestrators,1,Medium,Low,2,Pending,"full-stack-auditor + codebase-health-monitor"
15,Performance Profiling,1,Low,Low,3,Pending,"performance-regression-detector consolidation"
16,NPM Validators,2,Low,Low,4,Pending,"peer-dependency-validator + lockfile-drift + package-outdated"
17,DX Validators,2,Low,Low,4,Pending,"onboarding-complexity + error-message-clarity + cli-usability + debug-experience"
18,Observability Validators,2,Low,Low,4,Pending,"log-format + metric-schema + otel-span + alert-coverage"
19,Feature Flag Checkers,1,Low,Low,4,Pending,"flag-coverage-checker + flag-cleanup-detector"
20,Cloud Config Validators,2,Low,Low,4,Pending,"autoscaling-config + iam-policy + service-mesh-config"
21,Ecommerce Specialists,1,Low,Medium,4,Pending,"Minor overlap in Amazon/Shopify/Etsy operations"
22,Ticketing Specialists,1,Low,Medium,4,Pending,"Consolidate ticketing-operations patterns"
23,Marketing Specialists,1,Low,Medium,4,Pending,"Email marketing overlap detection"
24,Event Specialists,1,Low,Medium,4,Pending,"Minor overlap in live-event + tour-manager logistics"
25,Google API Specialists,1,Medium,Medium,4,Pending,"Multiple Google integrations could be unified"
26,AI/ML Validation,3,Medium,Medium,4,Pending,"hallucination-pattern + vector-store + context-window + agent-prompt + fine-tuning"
27,Perf Extended,2,Low,Low,4,Pending,"cdn-cache-header + ssr-config + react-hydration + database-connection-pool"
28,Testing Extended,2,Low,Low,4,Pending,"coverage-regression + snapshot-drift + test-isolation (specialized)"
29,Chaos Engineering,1,Low,Low,4,Pending,"chaos-scenario-validator + failure-mode-simulator"
30,Fusion Agents,2,High,High,5,Deferred,"Experimental pattern - evaluate after core consolidation"
31,Dead Code Archive,8,Low,Low,5,Pending,"emergent-behavior-monitor + quantum agents + zero-shot + fusion-compiler + predictive-cache + batching"
32,Delegation Gap Fixes,4,Medium,Medium,5,Pending,"Create missing workers: tree-shaking-analyzer + rate-limiter-validator + container-security-scanner + slo-validator"

Agent,Target,Action,Phase,Dependencies,Risk,Validation_Required
javascript-debugger,javascript-debugger-unified,Absorb,2,None,Medium,"Test V8 + async + closures coverage"
nodejs-debugger,javascript-debugger-unified,Absorb,2,javascript-debugger,Medium,"Test event loop + memory + server patterns"
async-debugging-specialist,javascript-debugger-unified,Absorb,2,javascript-debugger,Medium,"Test promise chains + race conditions"
runtime-error-diagnostician,javascript-debugger-unified,Absorb,2,javascript-debugger,Medium,"Test stack trace analysis + error boundaries"
error-debugger,javascript-debugger-unified,Absorb,2,javascript-debugger,Medium,"Test general error diagnosis"
secret-scanner,secret-scanner,Keep,1,None,Low,"Merge secrets-exposure-scanner into this"
secrets-exposure-scanner,secret-scanner,Delete,1,secret-scanner,Low,"Exact duplicate"
dockerfile-best-practices,dockerfile-linter,Delete,1,dockerfile-linter,Low,"Exact duplicate"
dockerfile-linter,dockerfile-linter,Keep,1,None,Low,"Merge dockerfile-best-practices into this"
test-coverage-gap-finder,test-quality-analyzer,Absorb,2,None,Medium,"Test coverage analysis still works"
e2e-test-gap-finder,test-quality-analyzer,Absorb,2,test-quality-analyzer,Medium,"Test E2E gap detection"
flaky-test-detector,test-quality-analyzer,Absorb,2,test-quality-analyzer,Medium,"Test flaky pattern detection"
mock-signature-validator,test-quality-analyzer,Absorb,2,test-quality-analyzer,Medium,"Test mock validation"
assertion-quality-checker,test-quality-analyzer,Absorb,2,test-quality-analyzer,Medium,"Test assertion strength checks"
test-isolation-checker,test-quality-analyzer,Absorb,2,test-quality-analyzer,Medium,"Test isolation detection"
snapshot-drift-detector,test-quality-analyzer,Absorb,2,test-quality-analyzer,Medium,"Test snapshot drift analysis"
null-safety-analyzer,database-schema-analyzer,Absorb,3,None,Medium,"Test nullable column detection"
data-type-checker,database-schema-analyzer,Absorb,3,database-schema-analyzer,Medium,"Test type validation"
schema-diff-validator,database-schema-analyzer,Absorb,3,database-schema-analyzer,Medium,"Test schema change detection"
foreign-key-checker,database-schema-analyzer,Absorb,3,database-schema-analyzer,Medium,"Test FK validation"
index-usage-analyzer,database-schema-analyzer,Absorb,3,database-schema-analyzer,Medium,"Test index analysis"
query-plan-validator,database-schema-analyzer,Absorb,3,database-schema-analyzer,Medium,"Test query plan validation"
bundle-chunk-analyzer,bundle-size-analyzer,Absorb,3,None,Low,"Test chunk analysis in enhanced agent"
bundle-treemap-analyzer,bundle-size-analyzer,Absorb,3,bundle-size-analyzer,Low,"Test treemap visualization"
bundle-entry-analyzer,bundle-size-analyzer,Absorb,3,bundle-size-analyzer,Low,"Test entry point analysis"
api-contract-validator,api-schema-validator,Absorb,3,None,Medium,"Test REST contract validation"
openapi-spec-validator,api-schema-validator,Absorb,3,api-schema-validator,Medium,"Test OpenAPI/Swagger validation"
grpc-proto-validator,api-schema-validator,Absorb,3,api-schema-validator,Medium,"Test protobuf validation"
graphql-schema-checker,api-schema-validator,Absorb,3,api-schema-validator,Medium,"Test GraphQL schema validation"
cve-dependency-scanner,security-scanner,Absorb,2,None,Medium,"Test CVE scanning integration"
sql-injection-detector,security-scanner,Absorb,2,security-scanner,Medium,"Test SQL injection patterns"
xss-pattern-finder,security-scanner,Absorb,2,security-scanner,Medium,"Test XSS pattern detection"
k8s-manifest-validator,infrastructure-validator,Absorb,3,None,Medium,"Test K8s manifest validation"
helm-chart-validator,infrastructure-validator,Absorb,3,infrastructure-validator,Medium,"Test Helm chart validation"
terraform-plan-analyzer,infrastructure-validator,Absorb,3,infrastructure-validator,Medium,"Test Terraform plan analysis"
pwa-debugger,pwa-debugger-unified,Keep,1,None,Low,"Enhance with DevTools capabilities"
pwa-devtools-debugger,pwa-debugger-unified,Absorb,1,pwa-debugger,Low,"Merge DevTools focus into main PWA debugger"
indexeddb-debugger,indexeddb-debugger,Keep,1,None,Low,"Make generic, remove DMB-specific"
dmb-indexeddb-debugger,indexeddb-debugger,Delete,1,indexeddb-debugger,Low,"Project-specific duplicate"
production-readiness-orchestrator,release-validator,Delete,2,release-validator,Low,"Near-duplicate orchestrator"
full-stack-auditor,codebase-health-monitor,Absorb,2,codebase-health-monitor,Low,"Point-in-time audit mode"
performance-regression-detector,performance-profiler,Absorb,3,performance-profiler,Low,"Regression detection built-in"
dmb-setlist-validator,dmb-data-integrity-validator,Absorb,4,None,Medium,"Test setlist validation"
dmb-show-validator,dmb-data-integrity-validator,Absorb,4,dmb-data-integrity-validator,Medium,"Test show data validation"
dmb-song-stats-checker,dmb-data-integrity-validator,Absorb,4,dmb-data-integrity-validator,Medium,"Test song stats validation"
dmb-venue-consistency-checker,dmb-data-integrity-validator,Absorb,4,dmb-data-integrity-validator,Medium,"Test venue consistency"
dmb-guest-appearance-checker,dmb-data-integrity-validator,Absorb,4,dmb-data-integrity-validator,Medium,"Test guest appearance validation"
dmb-liberation-calculator,dmb-data-integrity-validator,Absorb,4,dmb-data-integrity-validator,Medium,"Test liberation list calculations"
emergent-behavior-monitor,_archived/experimental/,Archive,5,None,Low,"Zero usage - experimental"
superposition-executor,_archived/experimental/,Archive,5,None,Low,"Zero usage - quantum pattern"
entanglement-manager,_archived/experimental/,Archive,5,None,Low,"Zero usage - quantum pattern"
knowledge-distiller,_archived/experimental/,Archive,5,None,Low,"Zero usage - zero-shot pattern"
cross-domain-transferer,_archived/experimental/,Archive,5,None,Low,"Zero usage - zero-shot pattern"
super-agent-generator,_archived/experimental/,Archive,5,None,Low,"Zero usage - fusion pattern"
result-predictor,_archived/experimental/,Archive,5,None,Low,"Zero usage - predictive cache"
request-similarity-detector,_archived/experimental/,Archive,5,None,Low,"Zero usage - batching pattern"
